row no.,facName,population,binInc,1,2,3,4,5,6,7,8,9,10
1,National Public Health Lab,68611,7.3,0,0,0,0.786122,0,0,0,0,0,0.213906
2,Public Health Laboratory Tamale,130100,60.1,0.0589494,0.189887,0.169024,0.257773,0.280614,0.0167021,0.00746988,0.00867235,0.00927745,0.00356272
3,Ahmadiyya Muslim Hospital,37698,42.3,0.00992307,0.0496038,0.135702,0.129007,0.168579,0.140255,0.144014,0.108464,0.0694402,0.0515551
4,Akrodie Health Centre,31870,56.1,0.027002,0.0917767,0.155209,0.175946,0.152216,0.0971793,0.105942,0.091777,0.0704572,0.0381615
5,Ampenkro Health Centre,56437,58.6,0.0182261,0.071248,0.0970633,0.0885913,0.154196,0.134406,0.149483,0.160932,0.0881005,0.0435688
6,Asumura Health Centre,21669,56.8,0.0388428,0.0690547,0.0992691,0.0992725,0.151068,0.142443,0.099284,0.120874,0.0906594,0.0949812
7,Ayomso Health Centre,19522,41.6,0.047918,0.124587,0.177291,0.138882,0.172151,0.076666,0.0910445,0.0670819,0.0814605,0.0287507
8,Church of Pentecost Clinic,19662,41.1,0.0333004,0.0336367,0.081259,0.107161,0.118573,0.142289,0.112534,0.13094,0.0824065,0.163054
9,Fawohoyeden Health Centre,2232,12.6,0.0838264,0,0.209571,0.0838287,0.167657,0.0838264,0.125742,0,0,0.251484
10,Goaso Municipal Hospital,10600,24.1,0.0352807,0.0343258,0.156345,0.15531,0.136016,0.0868816,0.230089,0.122288,0.0152841,0.0305673
11,Mim Health Centre,93,0.1,1.00558,0,0,0,0,0,0,0,0,0
12,Asunafo South District Hospital,39871,52.8,0.0469623,0.204253,0.134873,0.132957,0.118689,0.153722,0.0737915,0.0437879,0.0592208,0.0380724
13,Sankore Health Centre,75415,35.1,0.00967202,0.0754408,0.0794351,0.138103,0.1591,0.234185,0.168097,0.0756198,0.0504088,0.0154725
14,Gyedu Health Centre,52211,40.6,0.0867648,0.22431,0.283446,0.199593,0.0702884,0.0187541,0.0424133,0.0398788,0.0232651,0.0186113
15,Kenyasi Health Centre,5783,27.5,0.0840387,0.280127,0.196085,0.0840387,0.0980454,0.0140059,0.112051,0.0280126,0.0280126,0.0840371
16,Acherensua Health Centre,44851,46.5,0.0732274,0.162185,0.118357,0.152755,0.1747,0.122608,0.119828,0.0329443,0.0276039,0.019274
17,Dadiesoaba Health Centre,20678,35.3,0.0352686,0.0717137,0.133122,0.166513,0.112078,0.103962,0.124997,0.0838173,0.083526,0.0865795
18,Hwidiem St Elizabeth Hospital,11925,20.6,0.0135858,0.122271,0.061511,0.0614717,0.111409,0.144046,0.11963,0.114296,0.131235,0.121794
19,Bomaa District Hospital ,28248,18,0.0333443,0.113944,0.208703,0.2036,0.16154,0.122603,0.0716034,0.0518552,0.0143206,0.023867
20,Duayaw Nkwanta St John Of God Hospital,31317,14.1,0.0128115,0.0809561,0.0855254,0.208322,0.107151,0.115355,0.128788,0.106928,0.0642452,0.0945988
21,Bechem Government Hospital,53420,33.4,0.0644142,0.143118,0.0724425,0.0862513,0.0972385,0.112525,0.145959,0.117163,0.0963635,0.0674258
22,Akrofuom Health Centre,80918,27.3,0.0355958,0.112958,0.0902476,0.125988,0.158199,0.21194,0.0767048,0.0850064,0.0671878,0.0392485
23,Asokwa Health Centre,40729,33.6,0.0671538,0.107893,0.0716158,0.150174,0.171881,0.18414,0.102801,0.0506665,0.0438377,0.0511574
24,Fomena Health Centre,54327,27.7,0.127471,0.190703,0.164422,0.221503,0.112977,0.0711745,0.0816098,0.014737,0.0110534,0.00552686
25,New Edubiase Government Hospital,53841,30.6,0.0162312,0.077551,0.153301,0.2056,0.171331,0.151042,0.0859852,0.105103,0.0204615,0.0147689
26,Boamang Health Centre,188385,29.5,0.0969121,0.249022,0.19665,0.181875,0.124139,0.0786819,0.0520842,0.00955755,0.00651904,0.00553127
27,Methodist Faith Healing Hospital,47748,7.5,0.0241541,0.104672,0.0966493,0.128837,0.225451,0.209821,0.105357,0.058104,0.0322281,0.0161138
28,Tepa Government Hospital,42794,51.7,0.114331,0.279028,0.123568,0.105705,0.0979858,0.0715586,0.0725463,0.0412424,0.0532401,0.0440999
29,Mankranso Government Hospital,75421,40,0.0330879,0.148617,0.318813,0.193338,0.105224,0.0916989,0.0691252,0.0199422,0.0066479,0.0159553
30,Numereso Health Centre,462268,18,0.334217,0.568206,0.0274526,0.0163141,0.00805117,0.012615,0.019673,0.0103667,0.00261002,0.000673248
31,St. Martin's Catholic Hospital,43103,28.2,0.0333701,0.0788715,0.103141,0.194151,0.163265,0.0965592,0.127812,0.0971205,0.0772754,0.034084
32,Antoakrom Health Centre,39508,19.1,0.115801,0.230923,0.10791,0.14517,0.137459,0.0546505,0.0643449,0.0552809,0.0577905,0.0341354
33,Konongo - Odumasi Government Hospital,93863,34.3,0.0113908,0.0695288,0.136405,0.159702,0.24899,0.194071,0.123164,0.0369195,0.0125684,0.0112784
34,Presby Hospital - Agogo,66660,30.9,0.0229109,0.0691669,0.0874168,0.134306,0.178292,0.165135,0.166841,0.116421,0.0404149,0.0268795
35,Juaso District Hospital,41975,31.2,0.00840452,0.0951459,0.0948728,0.103573,0.137271,0.114866,0.154059,0.125729,0.13083,0.040357
36,Mampong Government Hospital,66407,30.2,0.0520446,0.151381,0.155947,0.133163,0.130932,0.130951,0.144022,0.0421739,0.0361686,0.0274873
37,Asokore Mampong Health Centre,651214,22,0.673972,0.207464,0.0339493,0.0187144,0.0165835,0.0142935,0.0123858,0.0126414,0.00503165,0.00519658
38,Kumasi South Hospital,487176,13.5,0.749108,0.219478,0.0111842,0.00840535,0.00335509,0.00346655,0.00230599,0.00112311,0.000559167,0.00111836
39,Ahenema Kokoben Health Centre,32639,1.4,0.134924,0,0,0,0,0,0,0,0,0.865166
40,Nyinahin Government Hospital,45122,50.6,0.015745,0.0647272,0.101465,0.153945,0.157443,0.169692,0.157452,0.0997087,0.0663831,0.0252537
41,Nkawie-Toase Government Hospital,81806,26.7,0.0613899,0.186118,0.243425,0.174439,0.0949812,0.0746057,0.0632115,0.0632591,0.0294873,0.0109201
42,Abuakwa Government Polyclinic,98115,13.2,0.147828,0.577913,0.0645288,0.0378263,0.0378248,0.0412328,0.0378083,0.0266104,0.0155724,0.0133474
43,Bekwai Municipal Hospital,104261,18.4,0.0260908,0.123001,0.231605,0.180895,0.184255,0.116526,0.0706258,0.034606,0.0180103,0.0165274
44,Dominase SDA Hospital,18142,7.4,0.0428013,0.0209573,0.0384181,0.191555,0.0538728,0.187264,0.0214183,0.246958,0.143775,0.0549653
45,Kokofu General Hospital,24945,20.1,0.107823,0.421285,0.194559,0.0511172,0.00107301,0.00189222,0.00194619,0.0638845,0.0719382,0.0865281
46,Asiwa Health Centre,71789,34,0.011186,0.0638321,0.168435,0.215811,0.202285,0.103483,0.0832321,0.0725717,0.0547378,0.0272962
47,Kuntanase Government Hospital,24191,17.9,0.0900995,0.225451,0.253769,0.126147,0.112615,0.0675679,0.0696945,0.0225243,0.0225236,0.0112621
48,St. Michael's Catholic Hospital Pramso,15504,7.1,0.0351438,0.123005,0.0878629,0.193291,0.123003,0.246008,0,0.0527181,0.0351438,0.105436
49,Ejisu Government Hospital,46040,25.9,0.0838432,0.3117,0.220128,0.145161,0.118825,0.0669311,0.0213609,0.0106113,0.0132641,0.0106113
50,Ejura Government Hospital,95547,38.4,0.0327778,0.0923185,0.153591,0.201468,0.220718,0.150043,0.0782373,0.0574031,0.00773456,0.00940968
51,Sekyedumase Government Polyclinic,57637,24.4,0.0172922,0.065462,0.0839963,0.107628,0.172397,0.191012,0.238877,0.0739102,0.0342085,0.0211299
52,Juaben Government Hospital,31655,24.5,0.054009,0.204664,0.243165,0.146939,0.132906,0.088732,0.0578699,0.0231479,0.034723,0.0154326
53,Manhyia Government Hospital,224345,1,0.105297,0,0,0,0.210595,0.315895,0.210586,0,0,0.157671
54,Suntreso Government Hospital,141728,1.1,0.166678,0,0,0,0.333347,0,0,0.333338,0,0.166687
55,Komfo Anokye Teaching Hospital,70866,0.4,0.666694,0,0,0,0,0,0,0,0,0.333338
56,Kumasi County Hospital,132792,1.4,0,0,0.172742,0.169367,0.26036,0.112191,0.0512257,0,0.0503379,0.183848
57,Asonomaso Government Hospital,29611,2.8,0.101109,0,0.493001,0.146727,0.0129843,0.038953,0.025968,0.0779039,0.0259672,0.0779002
58,Kwadaso SDA Hospital,222335,1.5,0.212499,0,0,0,0.212502,0,0.0531262,0,0.415665,0.106252
59,HopeXchange Medical Centre,41944,0.1,1.00005,0,0,0,0,0,0,0,0,0
60,Obuasi Government Hospital,116236,32.3,0.212066,0.271027,0.203406,0.100471,0.0592409,0.0366074,0.044695,0.0401749,0.0241058,0.0116074
61,AGA Health Foundation Hospital,70872,1.8,0.333346,0,0.166673,0.333337,0,0,0,0,0,0.166673
62,Bryant Mission Hospital,8597,10.1,0.12217,0.0842018,0.06241,0.218671,0.0847555,0.144995,0.169512,0,0.0334436,0.081373
63,St. Patrick's Catholic Hospital,19600,16,0.0612877,0.135467,0.158765,0.0827098,0.140369,0.133669,0.116769,0.0340765,0.0333889,0.107064
64,Nkenkaasu Government Hospital,44791,25.7,0.019416,0.0789589,0.127112,0.177259,0.225492,0.184847,0.0802468,0.0433492,0.03675,0.0369266
65,KNUST Hospital,59059,0.5,0,0,0,0,0,0,0,0,0.800023,0.2
66,Oforikrom (Kumasi) Clinic,11811,0.1,1.00007,0,0,0,0,0,0,0,0,0
67,Tafo Government Hospital,137321,1.9,0,0,0.565687,0.245756,0.155081,0.00839958,0.00839926,0,0.0111991,0.0055994
68,Trinity Hospital,23402,0.1,1.00006,0,0,0,0,0,0,0,0,0
69,Dawia Health Centre,73429,41.7,0.0161217,0.0473976,0.0842959,0.167171,0.251518,0.210089,0.133931,0.051147,0.0351266,0.0196551
70,Kwamang Health Centre,18354,23.6,0.0321548,0.0704503,0.1037,0.134454,0.128239,0.119062,0.118073,0.13307,0.110357,0.0607052
71,Effiduase Government Hospital,1098,3,0.222424,0,0,0.111212,0,0,0,0,0,0.667253
72,Kumawu Government Polyclinic,19624,22.8,0.0112094,0.0432114,0.087201,0.159765,0.117477,0.132311,0.196242,0.0585902,0.125839,0.0744902
73,Agona  Government Hospital,30712,10.2,0.0250507,0.0876753,0.16283,0.20064,0.0993358,0.106261,0.166017,0.119386,0.0268668,0.00770891
74,Asamang SDA Hospital,9718,6.9,0.033316,0,0,0,0.0787704,0.213214,0.192411,0.157609,0.15835,0.168133
75,BREMANG SDA HOSPITAL,25343,0.5,0.466026,0,0,0,0,0,0,0,0.516989,0.0170771
76,Banda  Ahenkro Health Centre,37445,39.1,0.0294298,0.0898793,0.11453,0.158264,0.178556,0.1708,0.126425,0.0685809,0.0642948,0.0249306
77,Holy Family (Berekum) Hospital,93027,46.3,0.129744,0.231734,0.207483,0.252676,0.0698789,0.0188357,0.0200375,0.0264445,0.0245782,0.0227389
78,St. Alban's Health Center,64180,22.6,0.00867923,0.0781136,0.092576,0.144636,0.165822,0.148845,0.147632,0.133934,0.0592519,0.0244915
79,Dormaa Akwamu Health Centre,59807,39.7,0.0805702,0.188292,0.234046,0.174494,0.0765347,0.0604338,0.0487035,0.0487045,0.0681897,0.0253077
80,Dormaa East District Hospital,1197,4.2,0.111822,0,0,0,0,0.223651,0,0,0,0.670947
81,Dormaa Presby Hosp,86724,47.5,0.0805925,0.218804,0.232029,0.147029,0.0684348,0.0615,0.0615485,0.0443405,0.0497172,0.0403122
82,Dormaa West District Hospital,42853,42.2,0.0244793,0.054214,0.0866516,0.146108,0.160343,0.150269,0.159117,0.106486,0.0792257,0.0380779
83,Sampa Government Hospital,53820,24.6,0.028072,0.154193,0.196295,0.174697,0.114582,0.0781361,0.0890883,0.0813528,0.0460031,0.039476
84,Suma Presby Health Centre,25058,18.7,0.061929,0.11342,0.07469,0.117322,0.110871,0.151232,0.120408,0.11053,0.0739024,0.0690543
85,Drobo St Mary Hospital,61452,19.7,0.0185384,0.0576757,0.120197,0.125733,0.234236,0.152699,0.111032,0.0776662,0.0785228,0.0280092
86,Brong Ahafo Regional Hospital,5742,13.7,0.288945,0.248785,0.106629,0.0710899,0.035546,0.0710941,0.0355481,0.069187,0.027302,0.0474566
87,Sunyani Municipal Hosp,31097,35.8,0.0820522,0.167465,0.21618,0.255302,0.11294,0.0729508,0.0256866,0.0258728,0.0149761,0.0293978
88,Chiraa Government Hospital,57095,21.3,0.0428836,0.126303,0.241598,0.22011,0.167694,0.0783513,0.0374052,0.041017,0.0302566,0.0170647
89,Fiapre Health Center,8208,13.6,0.0397114,0.29121,0.119128,0.119135,0.0661797,0.132359,0.0397025,0.0794025,0.0397001,0.0793974
90,Kwatire Government Hospital,15877,12.7,0.10035,0.160285,0.111619,0.1811,0.130432,0.134819,0.0559707,0.0813543,0.0205243,0.0273647
91,Nsoatre Health Center,41113,32.3,0.0766351,0.230185,0.282348,0.18259,0.130563,0.0389734,0.0129393,0.0142337,0.0283362,0.00820935
92,Seikwa Health Center,47027,20.8,0.00570599,0.0247259,0.0386737,0.0649584,0.121717,0.204329,0.257427,0.207207,0.0723205,0.0145863
93,Tain District Hospital,27467,19.2,0.0354176,0.0965921,0.195537,0.184333,0.187881,0.181183,0.0882694,0.0179255,0.00977228,0.0086865
94,Methodist Hospital - Wenchi,49328,20.9,0.0125438,0.0715464,0.132061,0.223938,0.275283,0.203154,0.0629771,0.0126267,0.00604219,0.00422931
95,Wenchi Health Centre,2640,12.5,0.0669637,0,0.133923,0.0669595,0.20087,0.133906,0,0.0669508,0.133897,0.200835
96,Akokoa Health Center,66830,37.9,0.0343571,0.101354,0.144557,0.210272,0.189347,0.146062,0.100709,0.0503706,0.0222496,0.00920399
97,Amanten Health Center,15620,15.6,0.0147015,0.0589582,0.165867,0.100106,0.138353,0.139214,0.139994,0.149936,0.0825149,0.0158583
98,Atebubu Hospital,46616,21.7,0.00615468,0.0381592,0.0738561,0.0972438,0.152636,0.163714,0.183371,0.17588,0.0965547,0.0191792
99,Kintampo Municipal Hospital,77620,51.4,0.0338509,0.123967,0.152019,0.147577,0.116379,0.132264,0.111043,0.0887791,0.0821373,0.0268037
100,Seth Owusu Agyei Medical Lab   KHRC,46,0.1,1.01358,0,0,0,0,0,0,0,0,0
101,Amoma Health Center,29091,13.4,0.00763691,0.0229107,0.0610953,0.0560955,0.131934,0.173511,0.220042,0.166742,0.12865,0.0367457
102,Anyima Health Center,14292,17.1,0.0388518,0.0854738,0.178719,0.254823,0.113374,0.097113,0.0854556,0.0621469,0.0621453,0.0310712
103,Kintampo South District Hospital,19510,22.3,0.0341529,0.122381,0.136613,0.184994,0.125236,0.108836,0.120739,0.0882932,0.0598489,0.0284606
104,Busunya Polyclinic,17952,16.7,0.0311542,0.0830763,0.17654,0.214611,0.128073,0.12115,0.107296,0.0899009,0.034427,0.0163275
105,Dromankese Health Centre,58161,29,0.0277775,0.0705129,0.0779908,0.113245,0.123917,0.147014,0.157663,0.14771,0.0902202,0.0476582
106,Yefri Health Centre,11165,11.6,0.00556569,0.0556559,0.122444,0.105747,0.12801,0.16697,0.128004,0.179641,0.0684075,0.0422329
107,Africa Libera Health Centre,13400,16.8,0.0469098,0.128136,0.145196,0.262588,0.174992,0.145914,0.0405395,0.0278316,0.013916,0.0192046
108,Bonsu Health Centre (Nkoranza South),40558,14.4,0.0219825,0.0658746,0.146557,0.157637,0.143265,0.148018,0.158792,0.0909448,0.046162,0.0242874
109,Donkro Nkwanta Health Centre,28121,15.1,0.0357762,0.06708,0.120746,0.0983802,0.326458,0.134171,0.0939201,0.0581427,0.0313071,0.0400631
110,Nkoranza Health Centre,3992,5.7,0,0,0.180195,0.0518611,0,0.302023,0.188609,0.251243,0,0.0311367
111,Nkwabeng Health Centre,8875,7.5,0.0283352,0,0.141676,0.11334,0.240848,0.141677,0.127517,0.0850118,0.0850145,0.042508
112,St Theresa Hospital-Nkoranza,500,0.1,1.00505,0,0,0,0,0,0,0,0,0
113,Mathias Hospital Yeji,37659,42,0.130838,0.356824,0.229192,0.125292,0.0698205,0.026742,0.018143,0.0225529,0.0153916,0.0112891
114,Our Lady of Fatima Health Care,103839,60.1,0.0436575,0.14003,0.222201,0.206483,0.155104,0.0760488,0.0577586,0.0545294,0.0424249,0.0109341
115,Prang Health Centre,104628,61.4,0.0546469,0.147597,0.20072,0.143114,0.148293,0.127947,0.102421,0.0423384,0.029839,0.0115288
116,Bassa Health Centre,50502,52.8,0.039702,0.0959087,0.150677,0.136022,0.142093,0.155112,0.129442,0.0955976,0.0647406,0.0157259
117,Kajaji Health Centre,12608,48.8,0.0589657,0.169387,0.18452,0.0997823,0.102365,0.0975275,0.0822363,0.0608739,0.0911928,0.0786847
118,Kojokrom (Sene) Health Centre,12743,53.8,0.073942,0.0808843,0.0592022,0.0625128,0.131519,0.115688,0.101314,0.136254,0.224143,0.044419
119,Sene District Hospital,44158,41.6,0.0229615,0.079599,0.130368,0.21415,0.173989,0.111976,0.0966639,0.082621,0.0767052,0.0318197
120,Abrefi Women and Children Hospital,31354,9.1,0.0285203,0.0499103,0.106951,0.103294,0.179617,0.189279,0.0983163,0.170825,0.0566523,0.0192468
121,Ahmadiyyah (Techiman) Mission Hospital,25485,9.2,0.00877016,0.122782,0.105236,0.11401,0.236776,0.0964662,0.113935,0.100558,0.0598588,0.0438408
122,Nsuta Health Centre,47518,11.1,0.00470423,0.0752676,0.0705634,0.0799719,0.181371,0.159004,0.12254,0.162022,0.0828139,0.0643681
123,Oforikrom (Techiman) Health Centre,18339,9.8,0.0243744,0.0974966,0.146247,0.268113,0.146225,0.0632071,0.124927,0.0238517,0.0242612,0.0836246
124,Opoku Agyeman Hospital,6913,6,0.064665,0,0.226329,0,0.129336,0.291002,0.064667,0.064665,0.0323335,0.12933
125,Tanoso (Techiman) Health Centre,9813,9,0.0227824,0.0911308,0.113916,0.159485,0.113922,0.182266,0.159488,0.0683499,0.0432802,0.0482438
126,Techiman Holy Family Hospital,2547,5.6,0.0976126,0,0,0.22218,0.0488063,0.195219,0.195257,0.0976063,0.0732025,0.0732025
127,Aworowa Health Centre,14641,12.3,0.0277161,0.0435548,0.0871076,0.130541,0.119786,0.105501,0.124262,0.158232,0.147918,0.0666042
128,Buoyem Health Centre,32778,10.2,0.00681754,0.054539,0.149985,0.0749929,0.143164,0.136345,0.0886262,0.163607,0.108988,0.0749872
129,Krobo Memorial Health Centre,15461,17.5,0.00932234,0.0946158,0.256815,0.126515,0.0699524,0.0920229,0.0662004,0.104919,0.0890351,0.095418
130,Offuman Health Centre,5857,10.1,0.0486123,0.0863397,0.112969,0.147193,0.108463,0.0622707,0.157986,0.04861,0.0607627,0.170138
131,Tuobodom Health Centre,21617,14.7,0.0116341,0.0930732,0.162877,0.180112,0.133729,0.116252,0.0985463,0.0814923,0.0564288,0.0715151
132,Abakrampa Health Centre,80151,11.3,0.0380854,0.0618879,0.0952126,0.155745,0.196857,0.124505,0.0996355,0.091936,0.0555861,0.0819521
133,Abura Dunkwa District Hospital,54129,32.3,0.29207,0.38258,0.107399,0.142437,0.013219,0.0110157,0.0198276,0.0198275,0.00660903,0.00660883
134,Asuansi Rural Clinic,17502,8.3,0.0435997,0.108999,0.237054,0.0704961,0.193293,0.0617536,0.127268,0.0662215,0.0420998,0.0516399
135,Moree Health Centre,18603,9.4,0.0210293,0,0,0.0431343,0.152983,0.196904,0.0891066,0.177372,0,0.320326
136,Asafo Health Centre,56505,14,0.0190804,0.229816,0.140953,0.193545,0.10429,0.0835912,0.0522449,0.0627124,0.0835945,0.0313496
137,Kwanyako Health Centre,19174,5.4,0.0219545,0,0.0352588,0.162261,0.0414603,0.262339,0.0840753,0.0700525,0.219194,0.105075
138,Mankrong Health Centre,32541,7.5,0.0206405,0.0412715,0.105188,0.0733657,0.309519,0.163894,0.16385,0,0.092861,0.0309534
139,Mensakrom Health Centre,19883,5.4,0.0769724,0,0.0861529,0.064384,0.20424,0.158076,0.124419,0.119705,0.102817,0.0644478
140,Nsaba Health Centre,56663,17.3,0.0474061,0.243631,0.156272,0.2296,0.152845,0.0301448,0.0573567,0.0467843,0.00924822,0.0282444
141,Abodom Health Centre,39247,7.8,0.00974126,0.0364697,0.0891419,0.146685,0.157495,0.199604,0.140638,0.0800032,0.0763099,0.0651181
142,Ahamadiyya Hospital,30066,7,0.0558858,0.198934,0.189903,0.155018,0.222612,0.140596,0.00945656,0,0.0189135,0.00945698
143,Armah CHPS,25167,5,0,0,0.0848545,0.101825,0.101826,0.270546,0.0509134,0.254564,0.0678848,0.0678816
144,Bobikuma Health Centre,16092,6.2,0.0411353,0.0261682,0.150601,0.0891869,0.0530859,0.239646,0.226096,0.0891402,0.0550602,0.0312998
145,Nana Khadija CHPS,854,0.1,1.00037,0,0,0,0,0,0,0,0,0
146,Nkum Health Centre,25703,10.1,0.0664652,0.0830804,0.318981,0.0882663,0.0927525,0.0996886,0.081523,0.0940896,0.0521595,0.0236162
147,Nyakrom Health Centre,854,0.1,1.00025,0,0,0,0,0,0,0,0,0
148,Swedru Government Hospital,1340,1,0.269391,0,0,0,0,0,0,0,0,0.732569
149,Pokukrom Health Centre,95057,29.3,0.0459371,0.113069,0.135699,0.251207,0.180449,0.125911,0.0863933,0.0401326,0.0144747,0.011614
150,Abaasa Health Centre,35345,6.1,0.0197128,0.0394266,0.0197128,0.0788514,0.0788505,0.211762,0.137918,0.11942,0.168233,0.127363
151,Ajumako District Hospital,36360,9.4,0.00958042,0.0958055,0.229926,0.162862,0.0479013,0.0957488,0.170054,0.103076,0.067062,0.0191592
152,Baa Salvation Army Clinic,21317,7.1,0.0163397,0.0326801,0.196079,0.176698,0.0817006,0.0904877,0.0744753,0.147082,0.129341,0.0563728
153,Bisease Polyclinic,32580,10.4,0.0213825,0.0962224,0.192125,0.0533373,0.154064,0.14875,0.118026,0.0602907,0.114313,0.0430856
154,Nkwantanum Health Centre,6960,5.4,0.200202,0,0.100101,0.150155,0,0.300306,0,0.100101,0.0500517,0.100103
155,Sonkwaa Polyclinic,39645,9.6,0.0363054,0.0635898,0.0833727,0.236862,0.249912,0.0465275,0.102834,0.0939358,0.0679854,0.0198475
156,Anhwiam CHPS,45260,14.5,0.0111268,0.081177,0.0715878,0.117771,0.128688,0.181546,0.155186,0.121446,0.0599825,0.07538
157,Brakwa Health Centre,51187,15,0.0163956,0.0786995,0.121571,0.145406,0.183323,0.198035,0.0760207,0.111892,0.0474911,0.0249575
158,Jamra CHPS,16366,7.6,0,0.0717999,0.0512864,0.215402,0.205147,0.0923153,0.184631,0.102573,0.0512888,0.0307715
159,Jamra Polyclinic,334,0.1,1.00521,0,0,0,0,0,0,0,0,0
160,Kuntanase CHPS,17184,6.9,0.0195384,0,0.0976919,0.101313,0.114226,0.171477,0.197487,0.107474,0.117233,0.0781504
161,Odoben Health Centre,6649,9.6,0.0752085,0.182428,0.112072,0.151476,0.0264108,0.151859,0.0775458,0,0.151561,0.0757782
162,Our Lady Of Grace Hospital,13026,9.2,0.051554,0.103108,0.051554,0.283551,0.180446,0.0644457,0.116,0.0515564,0.0644445,0.0386675
163,Assin Awisem Health Centre,56713,20.4,0.02926,0.069392,0.159705,0.15293,0.114085,0.152989,0.129879,0.0987545,0.0526512,0.043562
164,Assin Foso Health Centre,20515,11.3,0.0179809,0.0804027,0.112485,0.104679,0.169058,0.0993984,0.175648,0.062927,0.0809039,0.0988795
165,St Francis Xavier Hospital,36771,31.9,0.0551745,0.237162,0.231811,0.140241,0.133588,0.045392,0.0843032,0.0291826,0.0194558,0.0259417
166,Assin Akonfudi Polyclinic,52359,16.7,0.0211305,0.0915649,0.137839,0.124127,0.155314,0.154306,0.122239,0.0991025,0.0581216,0.0385218
167,Assin Bereku Health Centre,11602,6.6,0.0317848,0.0794604,0.031784,0.143025,0.143028,0.141863,0.10541,0.0873889,0.0317848,0.2066
168,Assin Kushea Health Centre,28269,13.7,0.0390972,0.0762478,0.159703,0.155779,0.187725,0.102684,0.0834533,0.0765825,0.0429233,0.0782827
169,Assin Praso Presby Hospital,14126,8.5,0.0357857,0.0144762,0.0865503,0.11426,0.116691,0.108719,0.121184,0.191103,0.103125,0.11
170,Bediadua Health Centre,16413,15.5,0.0224343,0.01111,0.199901,0.181196,0.16828,0.0691111,0.185708,0.0799852,0.0312419,0.0541819
171,Anyinabrim Health Centre,16780,17.4,0.0639417,0.18472,0.255861,0.113681,0.0994719,0.142105,0.0426324,0.0568453,0.0213168,0.0213178
172,Jakai Health Centre,20009,28.1,0.179704,0.20264,0.244351,0.17283,0.0774738,0.0357576,0,0.0357568,0.0178784,0.0357568
173,Manso Health Centre,27706,12,0.0258211,0.0345194,0.0947055,0.123332,0.157163,0.162851,0.178678,0.111905,0.0874036,0.0258213
174,Nsuta Presby Clinic,4046,7.9,0.0589279,0.14732,0.0883926,0.147319,0.206239,0.176785,0,0.0883925,0,0.0883925
175,Nyankumasi Ahenkro Health Centre,11520,6.5,0.0293402,0.0331162,0.179213,0.0785451,0.0554157,0.0926255,0.221826,0.041575,0.0719199,0.197913
176,Ongwa Health Centre,44663,30.7,0.0436578,0.186111,0.245639,0.249943,0.131357,0.0587288,0.032035,0.0186874,0.0186877,0.0186882
177,Awutu Health Centre,31952,12.3,0.0414099,0,0.0850364,0,0.218261,0.224132,0.265598,0.0184795,0.0184794,0.129354
178,Bawjiase Polyclinic,104731,8.7,0.0130799,0.0653993,0.0523194,0.065398,0.155971,0.0889823,0.141043,0.109908,0.141343,0.167581
179,Bontrase Health Centre,51410,7.4,0.0266496,0.0532992,0.0666237,0.0799423,0.194366,0.114486,0.107343,0.119782,0.0932777,0.14453
180,Senya Health Centre,18685,13.4,0.0592569,0,0.0316046,0.140425,0.340733,0.215971,0.0329123,0.075935,0,0.104172
181,Kasoa Polyclinic,152839,12.4,0.0413066,0.128615,0.183437,0.147549,0.21752,0.145041,0.0864292,0.0372901,0.0109463,0.00224732
182,Mother and Child Hospital,1378,0.1,1.00022,0,0,0,0,0,0,0,0,0
183,Adisadel Urban Health Centre,11861,14.5,0,0,0.333458,0.0648739,0.342081,0.0561583,0.15343,0.00346103,0.00498219,0.0418522
184,Cape Coast Metropolitan Hospital,11861,0,0,0,0.333458,0.0648739,0.342081,0.0561583,0.15343,0.00346103,0.00498219,0.0418522
185,Cape Coast Teaching Hospital,176771,18.3,0.285615,0.211795,0.196036,0.22498,0.0351796,0.0301391,0.00557199,0.00855227,0.00251147,0.000420961
186,C-Poly Clinic,4282,0.1,1.00021,0,0,0,0,0,0,0,0,0
187,Essuakyir CHPS,10311,4.7,0.207676,0,0.413405,0,0.18578,0,0.164127,0,0,0.0292787
188,Ewim Polyclinic,10501,3.9,0.759616,0,0,0,0,0,0,0,0,0.240529
189,University Hospital,8525,0.1,1.0003,0,0,0,0,0,0,0,0,0
190,Ansaful CHPS,96492,14.6,0.094411,0.181101,0.150317,0.13047,0.100046,0.107717,0.0923682,0.0621975,0.0341502,0.0479797
191,Gyangyanadze CHPS,24883,12.4,0.0388207,0,0.0776413,0.264948,0.125248,0.111028,0.0992704,0.141534,0,0.142384
192,Trauma & Specialist Hospital,8876,7,0.108835,0.217675,0.425573,0,0,0,0.108773,0,0,0.139553
193,Winneba Health Centre,1932,0.1,1.00002,0,0,0,0,0,0,0,0,0
194,Winneba Municipal Hospital,3436,5.1,0.434282,0,0,0,0,0,0,0,0,0.566371
195,Essuehyia Health Centre,80160,22.4,0.0929235,0.178958,0.279721,0.239028,0.0513611,0.0720097,0.0416177,0.0182984,0.011428,0.015751
196,Otuam Health Centre,8093,10.5,0.18079,0,0,0.0423622,0.277126,0.0365756,0.0512008,0.0358008,0.102402,0.274873
197,Abasa CHPS,45084,11.5,0.0520676,0.14661,0.201227,0.208526,0.0519042,0.117872,0.0523856,0.0916782,0,0.0785815
198,Aboso CHPS,56068,15.1,0.0705573,0.0813612,0.207136,0.162549,0.0822674,0.279267,0,0.0810904,0.0210127,0.0149191
199,Dahom CHPS,28054,6.8,0.0101343,0.130357,0.0608073,0.211996,0.111481,0.192557,0.0810809,0.04054,0.0709447,0.0912206
200,Ekwamkrom CHPS,1716,2.3,0.344068,0,0,0,0,0,0,0,0,0.657027
201,Obuasi Health Centre,5855,3.5,0.177873,0,0,0,0.310451,0.0559004,0.139993,0.145912,0.0729561,0.0979071
202,Dasum CHPS,19825,5.7,0.0671129,0,0.278494,0.0313871,0.17233,0,0.302077,0,0,0.14934
203,Nyanyano Health Centre,3282,6.4,0.343272,0,0,0,0,0.179906,0,0.344603,0,0.133476
204,Ojobi  Health Centre,19546,11.1,0.0302084,0,0.0604167,0,0.123231,0.243202,0.0302084,0.120833,0.181247,0.211465
205,St Gregory Catholic Hospital,42646,8.4,0.027689,0,0.0138442,0.0438124,0.138337,0.144534,0.260305,0.145933,0.127802,0.0980939
206,Brofo Health Centre,39777,8.4,0.014298,0.0500424,0.0786384,0.100184,0.163113,0.196949,0.153543,0.108753,0.0500428,0.0857901
207,Dago Health Centre,15124,12.7,0.0267621,0,0.0600866,0.15903,0.410107,0.184807,0.112825,0.0188051,0.0155499,0.0132668
208,Dawurampong Polyclinic,11076,5,0,0,0.154023,0.0513411,0.256708,0.205368,0.0770157,0.128352,0.0513446,0.0770123
209,Oguaa Health Centre,5112,3,0.111242,0,0,0,0.278109,0.111244,0,0,0,0.5006
210,Osedzie Health Centre,1136,0.1,1.00115,0,0,0,0,0,0,0,0,0
211,St Luke Catholic Hospital Apam,5756,15.9,0.0754305,0,0.181683,0.273386,0.192452,0.157945,0,0,0.103837,0.0173202
212,Agona Health Centre - Komenda,64013,15.7,0.0288901,0.170208,0.153143,0.28929,0.203798,0.110593,0.0374339,0.00132747,0.00265488,0.00530953
213,Ankaful Gen Leprosy Hospital,8657,4.2,0.268742,0,0.386828,0.0465791,0,0,0.256483,0,0,0.042727
214,Brenu Akyinim CHPS,7917,10.9,0,0,0,0.139696,0.0439863,0.163501,0.327078,0.286786,0.00878771,0.0322398
215,Elmina Polyclinic,304,0.1,1.00193,0,0,0,0,0,0,0,0,0
216,Kissi Health Centre,52447,16.4,0.0423204,0.0987466,0.241324,0.296213,0.170239,0.0706085,0.0402989,0.0106379,0.00938938,0.0226285
217,Komenda Health Centre,657,6.7,0.366521,0,0,0,0,0,0,0,0,0.63691
218,Abandze Health Centre,21043,9.7,0.0533159,0,0,0.0355328,0.0393847,0.0647786,0.0527445,0.287246,0.2927,0.175386
219,Anomabo Health Centre,8567,8.3,0.0532947,0,0,0,0.198934,0.157473,0.0113065,0.145116,0.290226,0.14511
220,Biriwa Health Centre,3665,5.7,0.222913,0,0,0,0,0,0.10653,0,0.452292,0.219435
221,Biriwa Polyclinic,0,0,0,0,0,0,0,0,0,0,0,0
222,Dominase Health Centre,21102,7.1,0.019633,0.0392652,0.234367,0.215419,0.0569737,0.172825,0,0.208241,0,0.0543153
223,Mankessim Health Centre,43314,10.5,0.0669642,0.105023,0.259094,0.126612,0.205154,0.118075,0.0830233,0,0.0185848,0.018517
224,Mercy Women Catholic Hospital,19396,18.6,0.128179,0.106817,0.277477,0.106818,0.105603,0.101107,0.0388248,0.0713267,0.0166608,0.0482207
225,Saltpond Municipal Hospital,2516,6.1,0.329401,0,0,0,0,0,0.342402,0,0.1647,0.164702
226,Morkwa Health Centre,38894,24.6,0.0349353,0.0917047,0.142662,0.19077,0.117248,0.104803,0.114603,0.052018,0.0933079,0.0677477
227,Twifo Ati Morkwa District Hospital,15254,10.4,0.0222729,0.0167043,0.0612488,0.0779528,0.122498,0.172614,0.150338,0.127846,0.143564,0.115686
228,Frami Health Centre,25058,28.1,0.067616,0.33503,0.143991,0.104353,0.0538209,0.0816952,0.0842512,0.0750412,0.0380705,0.0237935
229,Hemang Health Centre,33300,20.5,0.0382669,0.0663299,0.160722,0.150243,0.207979,0.151603,0.106777,0.0706939,0.051301,0.00572481
230,Jukwa Health Centre,36702,6.4,0.00463116,0.00231558,0.0379612,0.0218637,0.152041,0.0564084,0.354618,0.210075,0.116678,0.0443356
231,Dunkwa Municipal Hospital,27882,21.3,0.0641848,0.131907,0.124221,0.108827,0.0992389,0.103043,0.125948,0.0801515,0.0858785,0.0801565
232,Kyekyewere Health Centre,34594,14.8,0.0066937,0,0.0937918,0.0896072,0.0936693,0.249974,0.208528,0.130124,0.115939,0.0151421
233,St Mark Hospital,12061,25.1,0.0795607,0.105859,0.119092,0.172028,0.11683,0.0931185,0.101261,0.0386735,0.129783,0.047885
234,Diaso Health Centre,15112,21.6,0.0338168,0,0.0631547,0.0297943,0.232247,0.195505,0.199171,0.107341,0.0422925,0.103734
235,Pentecost Health Centre,91886,50.4,0.0456299,0.110173,0.146906,0.133792,0.139071,0.129544,0.126346,0.107076,0.0422381,0.0295672
236,SDA Clinic,101176,33.4,0.0293819,0.121982,0.13865,0.151666,0.135301,0.141737,0.113674,0.0996727,0.0475005,0.0228993
237,Subin Health Centre,70821,32.4,0.0239973,0.0822099,0.134924,0.169672,0.166808,0.184249,0.105047,0.0791908,0.0392808,0.0196729
238,Hawa Memorial Saviour Hospital,39258,21.6,0.0296421,0.0148211,0.102804,0.132854,0.059285,0.110277,0.103754,0.0717573,0.155608,0.222339
239,New Tafo Government Hospital,37583,15.5,0.0696702,0.116114,0.156733,0.137175,0.126876,0.132527,0.0916397,0.0944433,0.0519974,0.0255754
240,Kibi Government Hospital,80052,33.3,0.0218084,0.065424,0.101768,0.167195,0.209391,0.219305,0.0868686,0.0654334,0.0327176,0.0327178
241,Achiase Health Centre,43379,15.1,0.0353361,0.117957,0.289943,0.158835,0.265032,0.0353395,0.0294925,0.0390659,0.0117795,0.0191866
242,Akenkensu CHPS,54945,12.5,0.0371986,0.0325477,0.144144,0.117924,0.119077,0.136707,0.140678,0.140331,0.0939299,0.0394333
243,Anamase CHPS,46709,12.2,0.0186492,0.0918547,0.147419,0.0947953,0.148689,0.10402,0.129555,0.0871841,0.105869,0.074734
244,Aperade Health Centre,11589,10.8,0.0440933,0.110233,0.176371,0.0220472,0.110234,0.110238,0.0881897,0.198431,0.101056,0.0410961
245,Osoroase CHPS,5100,3.7,0.200372,0,0,0,0.300557,0,0.100186,0,0.200372,0.200372
246,Adawso Health Centre,45518,10,0.0239763,0.0299708,0.101901,0.12013,0.147377,0.216881,0.158695,0.0539426,0.0479478,0.101885
247,Akropong Health Centre,12841,7.8,0.0849855,0.0424937,0.233716,0.0849311,0.148725,0.038369,0.0872322,0.196772,0.0212458,0.0644627
248,Larteh Health Centre,12555,8,0.021732,0.0434639,0.0821526,0.130094,0.0635053,0.24046,0.215378,0.0837886,0.0299632,0.0919982
249,Mampong Urban CHPS,28469,36.5,0.0155123,0.129267,0.188972,0.15764,0.13821,0.0838326,0.0636628,0.060859,0.0845775,0.0797291
250,Mangoase (AKN) Health Centre,32469,8.6,0.0287094,0.0300288,0.0889737,0.108181,0.127872,0.244999,0.224246,0.0901911,0.00644204,0.0515341
251,Okorase CHPS,53932,8.8,0.0276047,0.110418,0.237764,0.243705,0.101954,0.0999913,0.0397544,0.00893575,0.0151739,0.115654
252,Tetteh Quarshie Memorial Hospital,8957,6.6,0.121849,0,0,0.121851,0.0913878,0.213109,0.0893703,0.243693,0.0609217,0.0609202
253,Tinkong CHPS,9227,4,0.0294387,0,0,0.110608,0.173459,0.159111,0.259208,0.123037,0.0589919,0.0887006
254,Tutu CHPS,27225,6.9,0.0100228,0,0.0223093,0.0690462,0.302615,0.133588,0.245482,0.0201433,0.145879,0.0517897
255,Kom Health Centre,6026,5.8,0,0,0.0526675,0.20634,0.10974,0.192275,0.109846,0.109873,0.0549358,0.1648
256, Presbyterian Health Centre - Kom Aburi,6026,0,0,0,0.0526675,0.20634,0.10974,0.192275,0.109846,0.109873,0.0549358,0.1648
257,Berekuso Health Centre,17319,4.7,0.0621099,0,0.0960376,0.21476,0,0.0580729,0.181111,0.0191168,0.208123,0.1613
258,Obotwere Health Centre,26147,5.8,0.0126606,0,0.0506428,0.101285,0.151925,0.101284,0.265876,0.215235,0.050641,0.0505662
259,Pakro Health Centre,11883,7.2,0.0278259,0.100525,0.110499,0.213534,0.105812,0.0631984,0.138879,0.0176048,0.103261,0.119781
260,Pokrom Health Centre,12247,4.2,0.0540624,0,0.0270312,0.162191,0,0.243279,0.0540651,0.297345,0.0270325,0.135161
261,Anyinase Health Centre,98940,32.1,0.038966,0.174443,0.198387,0.224038,0.183438,0.0846315,0.0514729,0.0157235,0.0209657,0.0122303
262,Brenase Health Centre,99090,30.2,0.0406244,0.0909784,0.134424,0.163708,0.143188,0.173433,0.102736,0.0751378,0.0444619,0.0349429
263,Akroso Health Centre,69954,11.5,0.0249526,0.0415877,0.0831753,0.0955096,0.171193,0.15097,0.241694,0.077784,0.0783064,0.037428
264,Asuboa CHPS,21986,8.7,0.0264586,0.0132293,0.0926032,0.066144,0.0926032,0.119057,0.105828,0.0661407,0.224734,0.196077
265,Onomabo CHPS,23374,8.4,0.0493553,0,0.0365856,0.0853212,0.146778,0.182907,0.121942,0.207719,0.0986627,0.0735877
266,Adjena Health Centre,31121,44,0.141206,0.525411,0.231878,0.0779179,0.000559965,0,0,0.000164899,0.00210198,0.0237966
267,Akosombo VRA Hospital,35352,20.5,0.062605,0.182916,0.325853,0.168639,0.0613399,0.038957,0.0597339,0.0337627,0.0311652,0.0389535
268,Apeguso Clinic,29372,19.2,0.0603963,0.246972,0.261794,0.131601,0.0696669,0.0929427,0.0736146,0.0326244,0.0171993,0.017649
269,Boso CHPS,24787,53,0.460377,0.333556,0.036971,0.000683167,0.000840933,0.0111727,0.0654282,0.0558242,0.0351867,0.00469525
270,Frankadua Clinic,8909,7.2,0.0441927,0.101477,0.0765774,0.0964439,0.2042,0.101806,0.0255244,0.0510489,0.153141,0.147673
271,Senchi Ferry Asuogyaman,9281,10.2,0.0199663,0.0338561,0.208969,0.0863065,0.0680093,0.131028,0.0944428,0.0890364,0.129148,0.145746
272,Senchi Ferry CHPS,8321,5.7,0.0546743,0,0,0.136683,0.157017,0.240026,0.119287,0.0492704,0.179141,0.0661603
273,Enyiresi Hospital,42428,36.9,0.00693832,0.0901998,0.0745442,0.147625,0.153547,0.112605,0.146364,0.117535,0.0932904,0.0594982
274,New Jejeti Health Centre,37599,32.4,0.0231204,0.0848347,0.167669,0.145306,0.153035,0.17287,0.0864241,0.0605564,0.0657446,0.0419918
275,Abomosu Health Centre,44619,29,0.00659927,0.0461949,0.0989878,0.142854,0.11625,0.259031,0.120636,0.0994845,0.0923519,0.019794
276,Awenare Health Center,25280,20,0.023517,0.0351094,0.0538413,0.113188,0.0785478,0.125029,0.200613,0.109401,0.200164,0.0627663
277,Kwabeng (atiwa) Health Centre,10872,19,0.0541662,0.0406247,0.230206,0.14895,0.216661,0.135409,0.0541615,0.0406238,0.027084,0.0537248
278,Amanase Health Centre,88116,32.5,0.0830817,0.20177,0.178028,0.111432,0.130059,0.0972889,0.0966589,0.0300723,0.052939,0.0195858
279,Asuboi Health Centre,12540,6.6,0.0333624,0.0667247,0.0667239,0.166814,0.0667264,0.133456,0.150133,0.133459,0.150142,0.0333656
280,Marfo Health Centre,42603,15.5,0.0443064,0.105686,0.209481,0.231391,0.151934,0.0764545,0.07609,0.0357465,0.0408587,0.0294614
281,Oda Hospital,34311,9.5,0.016953,0.0847652,0.194684,0.219257,0.177171,0.135523,0.10546,0.046558,0.0148897,0.00744482
282,Amuana Praso Health Centre,34885,26.4,0.0105744,0.0366777,0.0460381,0.0739007,0.184755,0.177257,0.204466,0.165055,0.0936257,0.0101454
283,New Abirem Hospital,39028,29.3,0.0362455,0.118891,0.188179,0.19219,0.148774,0.0997056,0.0522282,0.0952182,0.0132871,0.0575761
284,Noyem CHPS,29644,33.7,0.107049,0.220358,0.209508,0.149544,0.0691908,0.124239,0.0357127,0.0436491,0.0119044,0.0317453
285,Pankese CHPS,42042,33.6,0.00981623,0.0715796,0.140101,0.288552,0.178798,0.123296,0.0732557,0.0605339,0.0269323,0.028509
286,St Michaels Clinic,21859,29.8,0.0369944,0.132244,0.110762,0.22881,0.139819,0.10198,0.107208,0.0215282,0.0538215,0.069965
287,Tweapease Health Centre,19706,24.5,0.0405952,0.0598873,0.124772,0.127228,0.113072,0.174494,0.111958,0.106934,0.083061,0.0597587
288,Apoli Health Centre,18457,14.8,0.0188958,0,0.0838237,0,0.0944928,0.168922,0.245227,0.188308,0.124844,0.077725
289,Swedru Catholic Clinic,7492,7.5,0.0341923,0.142171,0.211746,0.10229,0,0.204579,0,0.0340971,0.0681924,0.204578
290,Akwatia CHPS,52701,25,0.0623392,0.190424,0.166672,0.191701,0.118151,0.0852955,0.0820097,0.0557647,0.0229615,0.0295207
291,GCD Hospital,688,0.1,1.00533,0,0,0,0,0,0,0,0,0
292,St Dominic Hospital,516,3.7,0.335102,0,0,0,0,0,0,0,0,0.670205
293,Takrowase Health Centre,29225,18.3,0.0532513,0.114283,0.209031,0.246862,0.162162,0.0769076,0.0473259,0.0177469,0.0591548,0.0177459
294,Begoro Hospital,41314,30.3,0.0336557,0.0764889,0.0703695,0.0917853,0.204981,0.159078,0.119301,0.131533,0.082265,0.0336495
295,Begoro Salvation Army Clinic,3780,15.2,0.0334413,0,0.0668845,0,0.200652,0.0334431,0.0668862,0.133769,0.401321,0.0668827
296,Ame Zion Health Centre,12530,15.9,0.0404588,0.0201785,0.101324,0.102679,0.113896,0.263931,0.131691,0.0964775,0.0315434,0.101273
297,Bosuso Health Centre,4450,11.2,0.0568226,0,0.0338522,0.471829,0.118953,0.113642,0.0376634,0.0852295,0,0.085228
298,Abehenease CHPS,20126,23.8,0.0343465,0.111644,0.163142,0.137391,0.16974,0.162359,0.0961002,0.0378473,0.0661604,0.0257659
299,Asuom Health Centre,20466,20.6,0.01689,0.0422247,0.109782,0.0675604,0.05067,0.0844544,0.227903,0.185808,0.126687,0.0929052
300,Kade Govt Hospital,25972,22.7,0.0865413,0.179732,0.146441,0.0798752,0.133123,0.113151,0.106494,0.04659,0.0931817,0.0199672
301,Takyiman CHPS,27750,24.1,0.0373784,0.0186892,0.111609,0.0889153,0.186562,0.211082,0.0730867,0.171748,0.0517078,0.0524302
302,Holy Rosary Health Centre,78640,51.4,0.0642859,0.13026,0.153437,0.094332,0.0810827,0.102095,0.104319,0.149165,0.11216,0.0239031
303,Presbyterian Hospital -Donkorkrom,86882,44.3,0.0338705,0.081637,0.130271,0.168502,0.199008,0.133107,0.105883,0.0623674,0.0552175,0.0369293
304,Asanyanso Health Centre,79286,48.2,0.0547679,0.130453,0.18027,0.241142,0.168288,0.0789962,0.0602815,0.0524956,0.0368655,0.0119451
305,Holy Spirit Health Centre,9075,20.8,0.0665193,0.0582055,0.224513,0.149676,0.11641,0.0997797,0.0831492,0.0831497,0.074835,0.0498894
306,Maame Krobo Health Centre,56211,40.4,0.0604177,0.145006,0.155721,0.184931,0.200343,0.140897,0.0753141,0.0291403,0.00940641,0.00570464
307,Akwasiho Health Centre,25452,21.8,0.0586046,0.12787,0.188418,0.178119,0.135415,0.12835,0.0830121,0.0439469,0.0146483,0.0439458
308,Nkwatia Health Centre,16725,24.7,0.144969,0.300307,0.122663,0.10278,0.0798259,0.0568966,0.0651054,0.0828018,0.00711203,0.0426733
309,Pepease Health Centre,37528,28.7,0.0430505,0.0993442,0.188746,0.209324,0.125092,0.123418,0.11556,0.0536696,0.0198687,0.0250156
310,St Joseph (kwE) Clinic,6845,23.6,0.0347511,0.121632,0.104284,0.364886,0.121633,0.069505,0.0868843,0,0.0347549,0.0695117
311,Bepong Health Centre,4749,15.6,0.0250471,0,0.102769,0.104355,0.139953,0.154632,0,0.328677,0.0493019,0.097676
312,Kwahu Government Hospital,13647,28.3,0.014342,0.283202,0.034313,0.120097,0.0686288,0.154417,0.0686306,0.120107,0.102953,0.0343185
313,Kwahu Praso Presby Health Centre,23373,28.5,0.0106362,0.0838817,0.141042,0.153464,0.137983,0.173543,0.115646,0.0865732,0.0580371,0.0420834
314,Nkyenenkyene Health Centre,64810,34.9,0.0510064,0.107692,0.0841425,0.133523,0.171534,0.13982,0.151976,0.105413,0.0413819,0.0203122
315,Holy Family (Kwahu West) District Hospital,7770,31,0.0602664,0.382074,0.150671,0.0602696,0.180814,0,0.0301364,0.0602745,0.0299101,0.0464572
316,Akuse Government Hospital,32641,8.8,0.00835647,0.0501306,0.125199,0.0483988,0.126359,0.193027,0.133774,0.150912,0.116954,0.0494584
317,Atua Government Hospital,45296,12.2,0.0339294,0.123287,0.0934699,0.127252,0.190952,0.162665,0.0942735,0.0549668,0.0699343,0.0506994
318,Kpong Health Centre,12024,9.3,0.0397737,0.181863,0.202004,0.363755,0.0842947,0.0934382,0.00901911,0.00856712,0.00371927,0.0152664
319,Oborpa Health Centre,27099,8,0.0407413,0.0238251,0.0743903,0.101407,0.30631,0.0485987,0.138179,0.112535,0.0757938,0.0797508
320,Odumase (LMKM) Health Centre,7056,5.6,0.190504,0,0,0.0952493,0,0.190494,0.0952445,0.0476222,0.190484,0.190482
321,St. Martin's de Porres Hospital - Agomanya,5037,5.4,0.133432,0,0.0667142,0.400293,0.133425,0,0.0667109,0,0.133418,0.0662913
322,Akwadum Health Centre,54873,14.5,0.0815956,0.0568166,0.312007,0.310122,0.0527129,0.0780019,0.0407337,0.0423734,0.0212102,0.00530269
323,Jumapo Health Centre,63612,8.5,0.0467986,0.169726,0.203865,0.116234,0.310444,0.0553482,0.0447174,0.0219334,0.0123407,0.0191911
324,St Joseph's (New Juabeng) Hospital,62230,6.2,0.095688,0.167449,0.310839,0.0196339,0.241854,0.0946629,0.0616564,0,0,0.00873679
325,Eastern Regional Hospital,13665,5.8,0,0.432418,0.279768,0.102558,0.0526821,0,0.0287793,0,0.0501321,0.0545246
326,Koforidua Poly Clinic,1488,0.1,1.00042,0,0,0,0,0,0,0,0,0
327,Koforidua SDA Hospital,2976,0.1,1.00042,0,0,0,0,0,0,0,0,0
328,Adoagyiri Health Centre,22581,6.4,0,0.029322,0.0733038,0.175927,0.146608,0.234519,0.197025,0.0439847,0.0657438,0.0339393
329,Djankrom Health Centre,1324,0.1,1.00018,0,0,0,0,0,0,0,0,0
330,Nsawam Government Hospital,2648,2.4,0.250045,0,0,0,0.50009,0,0,0,0,0.250045
331,Nsawam Health Centre,2648,2.7,0.250051,0,0,0,0,0,0,0.500114,0,0.250063
332,Prisons Clinic,32793,4.5,0.0100957,0,0.0686403,0.116385,0.218426,0.306112,0.210828,0,0.0250983,0.0450148
333,Abiriw Clinic,8976,7.9,0.0607898,0,0.0607897,0.12158,0.121579,0.0607898,0.121577,0,0.364727,0.0911795
334,Adukrom Health Centre,17551,7.4,0.031087,0.0155435,0.186522,0.155435,0.124346,0.108798,0.0621733,0.108802,0.0930792,0.117005
335,Okrakwadjo Health Centre,3308,3.2,0.329814,0,0,0,0,0.164907,0.126211,0.0761127,0,0.305227
336,Akorabo Health Centre,5643,8.5,0.0741295,0,0,0.0370647,0.222383,0,0.222394,0.185326,0.18532,0.0741239
337,Suhum District Hospital,39540,18.3,0.0370271,0.137525,0.143968,0.128497,0.113244,0.0948619,0.121643,0.122209,0.0587735,0.0441539
338,Akateng Health Centre,45404,45.9,0.0975547,0.174888,0.195458,0.207178,0.136234,0.0564065,0.0083584,0.0283423,0.0733955,0.0274095
339,Anyaboni Health Centre,24116,15.6,0.0333018,0.0871601,0.146231,0.203679,0.303705,0.095147,0.0646845,0.0481037,0.0221124,0.00163724
340,Asesewa CHPS,13752,12.8,0.0330703,0.0892552,0.287659,0.323723,0.160806,0.0751276,0,0,0.0097237,0.0234444
341,Asesewa Government Hospital,19981,14.4,0.0172238,0.120565,0.206688,0.17798,0.10334,0.0863417,0.10394,0.0564793,0.0569321,0.0759074
342,Dzamam CHPS,14445,12.9,0.0476524,0.0555946,0.150902,0.135018,0.182749,0.0816371,0.144813,0.0889448,0.109385,0.008751
343,Sekesua Health Centre,9701,7.8,0.0236541,0.011827,0.118272,0.130099,0.0828333,0.165581,0.162887,0.10909,0.094887,0.106687
344,Sisiamang CHPS,3306,5.2,0.0346969,0,0,0,0.138789,0.277577,0.138784,0.138784,0.104092,0.173477
345,Abamkrom CHPS,33568,7.5,0.0169793,0.0448334,0.0886048,0.072364,0.168428,0.138611,0.14133,0.133514,0.0917914,0.105843
346,Adeiso Health Centre,64930,7.1,0.00885217,0.0530282,0.0395102,0.12666,0.0440223,0.135098,0.24407,0.174791,0.0283737,0.146629
347,Mepom Health Centre,44534,21,0.0575866,0.243143,0.243135,0.0959672,0.13178,0.0915144,0.0312601,0.0291693,0.0531578,0.0262156
348,Nyanua CHPS,9407,3.8,0.0966163,0,0,0,0.0641991,0.269216,0,0.143335,0.136408,0.291224
349,Okurase CHPS,14276,5.7,0.0399207,0,0.0998012,0.0798413,0.140891,0.119759,0.0598805,0.293236,0.0399225,0.129773
350,Akanteng Health Centre,35536,24.9,0.0320625,0.0640216,0.168562,0.196825,0.138071,0.137434,0.0634436,0.1398,0.0154726,0.0470162
351,Asamankese Government Hospital,32377,11.8,0.0176001,0.114402,0.193602,0.246404,0.149606,0.132017,0.0527939,0.0263963,0.0175971,0.0527913
352,Asamankese Health Centre,21231,13,0.01342,0.0536792,0.134194,0.134191,0.147614,0.161023,0.134183,0.026836,0.133604,0.0643144
353,Osenase Health Centre,24032,8.5,0.0474152,0.0237076,0.0474158,0.130391,0.0948316,0.10577,0.185932,0.215802,0.127887,0.023707
354,Klo-Agogo (yilo Krobo) Polyclinic,20805,11.2,0.0335259,0.0822843,0.105587,0.128671,0.237461,0.17214,0.134112,0.0334371,0.050176,0.0251433
355,Nkurakan Health Centre,2786,5,0.125421,0,0.0626046,0,0,0.250412,0.18831,0,0,0.375718
356,Somanya Polyclinic,6945,6.5,0.0258852,0.0502305,0.150695,0,0.075347,0.0756752,0.185229,0.234424,0.0768982,0.128232
357,Primecare Medical Centre,187113,2,0.153852,0.307698,0,0,0.0769262,0,0.153852,0,0,0.307712
358,St. Martins Memorial Hospital,187628,11.4,0.153434,0.322513,0.0893413,0.212563,0.0462602,0.139111,0,0,0.0321034,0.00474042
359,Amoah Memorial Hospital,153884,4.8,0.325323,0.394765,0.108458,0.0424559,0.00934841,0.0838745,0.00991246,0,0.00774571,0.0182336
360,Dansoman Polyclinic,41416,0.5,0.347544,0,0,0,0,0,0,0,0,0.6525
361,Royal MMR Hospital,74289,6.3,0.457457,0,0,0,0,0.174213,0,0,0,0.368383
362,Cocoa Clinic,158317,1,0.181832,0,0,0,0,0,0.272742,0,0,0.545471
363,Kaneshie Polyclinic,28786,0.1,1.00004,0,0,0,0,0,0,0,0,0
364,Korle-bu Teaching Hospital,11656,0.1,1.00003,0,0,0,0,0,0,0,0,0
365,Mamprobi Hospital,28077,0.1,1.00003,0,0,0,0,0,0,0,0,0
366,Megavest Medical Centre,155305,1.2,0.185354,0,0,0.3707,0.181447,0,0.0926729,0.149149,0,0.0207342
367,Noguchi Health Centre,25427,11.3,0.0671016,0.0894688,0.0894693,0.223673,0.212492,0.212457,0.0559217,0.0223687,0.0207059,0.00769316
368,PML Hospital,13524,2.4,0,0,0,0,0,0,0,0,0,1.00002
369,Ussher Hospital,13524,0,0,0,0,0,0,0,0,0,0,1.00002
370,Ada  East District Hospital,99346,30.8,0.0822858,0.191258,0.182398,0.1247,0.0888669,0.145,0.12194,0.0512194,0.0119044,0.00233615
371,Ada Health Centre,8771,17,0.0687466,0,0.118464,0.212602,0.227154,0.133303,0.108573,0.0688146,0.0504003,0.0139879
372,Kasseh Health Centre,41191,12,0.0288711,0.0522471,0.160673,0.206711,0.15932,0.150574,0.111918,0.0535919,0.0459349,0.0314724
373,Anyaman Health Centre,6880,14,0.0821218,0,0.117695,0.147534,0.0935524,0.256382,0.137543,0,0.0591472,0.10791
374,Adjiringano Health Centre,362761,10.9,0.205774,0.309145,0.116929,0.0793031,0.0411422,0,0.018543,0.111141,0.0858687,0.0323398
375,Ogbojo Polyclinic,25851,2.7,0.0420793,0.119409,0.081427,0.0385628,0,0.0771238,0,0.119006,0.154276,0.368581
376,St. John Of God Clinic,92223,3.5,0.0292875,0.0222108,0.128241,0.135613,0.258106,0.113182,0.0848026,0.090385,0.0803004,0.0581815
377,Ashaiman Polyclinic,82579,2.4,0,0.0251707,0.10097,0.128253,0.0823393,0.223061,0.0254342,0.209974,0.10459,0.100441
378,Darbem Clinic,4208,0.1,1.00022,0,0,0,0,0,0,0,0,0
379,St Florence Clinic,75906,7.1,0.054916,0.259145,0.330138,0.180082,0.0300132,0,0.0595427,0,0.0572507,0.0290415
380,Mallam Atta Clinic,43179,2.2,0,0,0,0,0,0.666693,0,0,0,0.333354
381,37 Military Hospital,451075,7.5,0.446449,0.298707,0.0319087,0,0.127638,0,0,0.0629972,0.0268835,0.00546101
382,Nima Polyclinic,43179,0,0,0,0,0,0,0.666693,0,0,0,0.333354
383,Maamobi General Hospital,14393,0.1,1.00002,0,0,0,0,0,0,0,0,0
384,University Hospital Legon,173090,1.6,0.082246,0,0.220802,0.227973,0.206706,0.0304264,0.0263912,0.0734361,0.0167539,0.115391
385,University Of Ghana Medical Centre,127149,0.8,0.448428,0,0,0,0,0,0.226378,0.22633,0,0.0988969
386,Anyaa Polyclinic,49513,5.2,0.173788,0.432395,0.169511,0.0556311,0,0,0.110994,0,0,0.0578808
387,Ga Central Municipal Clinic,42361,1.1,0.633732,0,0,0.0677082,0,0,0.199664,0,0.0661477,0.0328843
388,Sowutuom RCH Clinic,5670,0.6,0.503141,0,0,0,0,0,0.252927,0,0,0.244153
389,Abokobi Health Centre,94352,2.1,0.0434224,0,0.217112,0.0434244,0.127061,0.129759,0.195038,0.151977,0.0651372,0.0273126
390,Ga East Municipal Hospital,14393,0.1,1.00004,0,0,0,0,0,0,0,0,0
391,International Health Care Centre,31717,1.4,0.0713785,0,0,0,0,0,0,0.129186,0.129188,0.670569
392,Taifa Polyclinic (RCH),59735,1.5,0.0333602,0,0.0685941,0,0.312037,0.270819,0.0342971,0.0232783,0.0685958,0.189318
393,Ga North Municipal Hospital,21917,1.4,0.124762,0,0,0.250877,0.0623797,0,0.249966,0.249857,0,0.0623797
394,Pokuase Health Centre,71509,5.1,0.0955911,0.133827,0.152947,0.0955902,0.305916,0,0.114959,0.0757518,0,0.0255543
395,Amanfro Polyclinic,71718,9,0.115384,0.274241,0.224765,0.119995,0.199995,0.0624326,0,0,0,0.00353807
396,Aplaku Family Fitness Clinic,12581,8.8,0.427021,0,0,0,0.227646,0,0.288246,0,0,0.0574706
397,Bortianor Polyclinic,5921,5.7,0.128388,0,0,0,0,0.442807,0,0,0,0.429128
398,Kokrobite Health Centre,2948,3.9,0.486553,0,0,0,0,0,0,0,0,0.513805
399,Obom Health Centre,148104,8,0.019362,0.0387239,0.106491,0.0968116,0.232255,0.0662524,0.160363,0.106023,0.106503,0.0677748
400,Ga West Municipal Hospital,46471,2.3,0.117672,0,0.0588358,0.0588344,0.147089,0.117666,0.117667,0.176498,0.058833,0.147076
401,Kojo Ashong Community Clinic,46756,6.6,0.0609152,0.151006,0.0587585,0.212101,0.0599075,0.0600514,0.152305,0,0.061338,0.184018
402,Kotoku Health Centre,18039,2.6,0.151559,0,0,0,0.303124,0,0.151559,0.318631,0,0.0754775
403,Mayera Faase Health Centre,43941,3,0.0622219,0,0.31111,0.186664,0.1365,0.0311095,0.0311095,0.179803,0,0.061745
404,Oduman Polyclinic,46022,5.9,0.0595012,0.238332,0.089121,0.180893,0.0598739,0.0301235,0.15544,0,0,0.186955
405,Adabraka Polyclinic,14393,0,1.00004,0,0,0,0,0,0,0,0,0
406,Civil Service Clinic,58151,4.6,0.762457,0,0,0,0,0,0,0,0,0.237583
407,Iran Clinic,57572,0.1,1.00004,0,0,0,0,0,0,0,0,0
408,Ridge Regional Hospital,14393,0.1,1.00006,0,0,0,0,0,0,0,0,0
409,Osu Trust Hospital,14220,0.1,1.00003,0,0,0,0,0,0,0,0,0
410,1 Medical Reception Station(1MRS),95067,6,0.143024,0.213757,0.158701,0.141902,0.0278489,0.116714,0.140297,0.0190936,0.0222181,0.0167661
411,Kpone Polyclinic,27944,8.6,0.158417,0,0,0.321879,0.0384635,0.123341,0.196511,0.0428067,0,0.11886
412,Oyibi Health Centre,83861,5.3,0.0494526,0,0.0991224,0.228308,0.175123,0,0.27191,0.0472689,0.049342,0.0796332
413,Zenu Health Centre,71315,2,0.127772,0,0.0620128,0,0.154307,0.0319424,0,0.127766,0.317147,0.179334
414,Christian Medical Centre,42544,3.5,0.279461,0,0,0.152167,0.216182,0,0,0,0,0.352318
415,LEKMA Polyclinic,37390,5.4,0.772716,0,0,0,0,0,0,0,0,0.227362
416,Accra Police Hospital,14393,0,1.00004,0,0,0,0,0,0,0,0,0
417,La General Hospital,38512,3.9,0.633281,0,0,0,0,0,0,0,0,0.366775
418,Danfa Health Centre,15563,2.3,0.525832,0,0,0,0,0,0,0.234072,0,0.240305
419,Madina Polyclinic (Kekele),8556,0.7,0.757043,0,0,0,0,0,0,0,0,0.243271
420,Madina Polyclinic (Rawlings Circle),2067,0,1.00012,0,0,0,0,0,0,0,0,0
421,Pantang Hospital,14336,1.1,0,0,0,0.571594,0,0,0.142895,0,0,0.285804
422,Pentecost Hospital,2067,0.1,1.00012,0,0,0,0,0,0,0,0,0
423,LEKMA Hospital,51458,1.3,0.291286,0,0,0.126207,0,0,0,0,0,0.582572
424,Manna Mission Hospital,26946,1.1,0.481282,0,0,0,0,0,0,0.346834,0,0.172051
425,Lekpongunor CHPS,2078,8.9,0.090534,0,0,0.0822104,0,0.045266,0.0606298,0.352778,0.172768,0.198665
426,Nyigbenya CHPS,28742,14,0.0261795,0.0359966,0.134171,0.124354,0.209439,0.157005,0.0785323,0.0826845,0.0752502,0.0771042
427,Old Ningo Health Centre,1464,11.5,0.100185,0,0,0.368301,0.0447722,0.344064,0.0317829,0,0.0764618,0.0398732
428,Prampram Polyclinic,2147,8.9,0.140205,0,0,0,0.316061,0.0438175,0.087633,0.0846104,0.174111,0.157594
429,Achimota Hospital,82824,0.9,0.618613,0,0,0,0,0,0,0.35617,0,0.0252715
430,Ark Clinic,27111,0.1,1.00004,0,0,0,0,0,0,0,0,0
431,Lapaz Community Hopital,5105,0.1,1,0,0,0,0,0,0,0,0,0
432,Shai Osudoku Hospital,21526,12.4,0.0131071,0.0611667,0.0917508,0.166022,0.196612,0.214086,0.0742693,0.0524221,0.0393148,0.0917322
433,Manhean Polyclinic,20024,7.3,0.394464,0,0,0,0.308535,0,0.0996857,0.101483,0,0.0961738
434,Tema General Hospital,84108,9,0.236992,0.379228,0.135441,0.0812669,0,0.046351,0,0,0.104952,0.0159524
435,Tema Polyclinic,12638,8.4,0.355541,0,0,0,0.606215,0,0,0,0,0.0386025
436,Mallam Demonstration Clinic,9529,1.9,0.600087,0,0,0,0,0,0,0,0,0.400196
437,Oblogo Health Centre,1907,0.1,1.00044,0,0,0,0,0,0,0,0,0
438,Weija-Gbawe Municipal Hospital,4391,0.1,1.00019,0,0,0,0,0,0,0,0,0
439,Binde  Hospital,31256,33.6,0.0138461,0.101537,0.0784636,0.129227,0.139386,0.134933,0.12963,0.0726521,0.110262,0.0922859
440,Bunkpurugu Health Centre,75810,40,0.0570955,0.142711,0.143813,0.146305,0.132501,0.100542,0.109171,0.0679481,0.0491348,0.0543225
441,Chereponi Government Hospital,103706,56.3,0.0248942,0.0723755,0.106936,0.143831,0.166509,0.182444,0.152683,0.0762431,0.0477459,0.0303969
442,Baptist Hospital,207245,41.2,0.0160247,0.047441,0.0797306,0.12374,0.140177,0.143625,0.156961,0.124105,0.119095,0.0533442
443,Loagri CHPS,167396,55.4,0.017661,0.070639,0.12921,0.181653,0.218816,0.197269,0.132586,0.0393602,0.0149516,0.00716277
444,Fame (yiezesi) Health Centre,65137,54,0.0549606,0.161043,0.236173,0.220656,0.10458,0.0675724,0.0550773,0.0495765,0.037227,0.0328238
445,Kubori Health Centre,43255,36.9,0.0224867,0.0909681,0.157575,0.206034,0.187019,0.173132,0.0910006,0.0434963,0.0217259,0.018119
446,Kunkwa Health Centre,69038,42.9,0.0019196,0.0396812,0.0795107,0.112525,0.149137,0.191473,0.172313,0.138278,0.0768159,0.043507
447,Walewale District Hospital,52715,41,0.0108963,0.0335264,0.0627306,0.0737575,0.0988211,0.127385,0.174352,0.181699,0.162799,0.0785891
448,Yunyoo Health Centre,89733,50.7,0.045026,0.155987,0.133487,0.224541,0.189654,0.132807,0.0851467,0.0208422,0.00740784,0.00835004
449,Gushiegu District Hospital,82980,39.8,0.0268446,0.0694445,0.123742,0.146546,0.12953,0.120181,0.125179,0.115405,0.108638,0.0430288
450,Karaga District Hospital,79552,40.2,0.0164962,0.0591587,0.093542,0.105491,0.104519,0.128304,0.133595,0.15067,0.139108,0.0814309
451,Bladjai EP Clinic,36787,26.6,0.0271102,0.0897259,0.160095,0.180864,0.155846,0.115223,0.11192,0.0606675,0.0633391,0.0430513
452,ECG Hospital,12214,19.9,0.0427704,0.128311,0.151091,0.172356,0.101769,0.0502775,0.0824768,0.053933,0.121345,0.100797
453,Fame Health Centre Kumdi,54476,41,0.052743,0.155117,0.189711,0.212666,0.156624,0.121204,0.0575575,0.0371746,0.0107933,0.0141205
454,Kpandai  District Hospital,5525,9.3,0.0236381,0.0709144,0.0472762,0.189105,0.130009,0.141831,0.153647,0.130025,0.0591056,0.0591073
455,Oti River Health Centre,13230,13.4,0.00493595,0.118463,0.0987189,0.167822,0.143144,0.108588,0.128346,0.122731,0.0262473,0.0859237
456,Kings Medical Centre,26415,52.8,0.0127707,0.0269602,0.0896361,0.121891,0.148754,0.106902,0.145375,0.165704,0.152829,0.0403886
457,Jimle Health Centre,114538,35.1,0.0120746,0.0490995,0.118564,0.151891,0.198927,0.236689,0.178055,0.0300619,0.00928912,0.0219563
458,Kukpalgu Health Centre,51639,51.4,0.017981,0.0812549,0.148856,0.175116,0.195741,0.175215,0.097809,0.0547673,0.0513456,0.0119816
459,Nanton Health Centre,43151,37.3,0.00890527,0.0222625,0.113539,0.131347,0.171922,0.228958,0.225429,0.0230784,0.0377216,0.0382098
460,Tampion Health Center,21634,32,0.0133202,0.075481,0.155403,0.142139,0.157283,0.0944592,0.140902,0.0958831,0.0879853,0.0430831
461,Bimbilla  District Hospital,86348,36.6,0.0266286,0.0850636,0.136844,0.148354,0.145574,0.157395,0.144182,0.081772,0.0572664,0.0296529
462,St. Joseph Clinic & Mat Home - Chamba,41695,30.8,0.0337153,0.128731,0.214558,0.209749,0.141727,0.0934806,0.0780932,0.0677204,0.0370341,0.00893661
463,Lungni Health Centre,24118,19.8,0.0409577,0.145251,0.218929,0.186627,0.12818,0.100043,0.0807044,0.0462897,0.0333216,0.0254132
464,Wulensi Polyclinic,46605,28.5,0.0497016,0.148083,0.162442,0.138068,0.128379,0.107331,0.100881,0.080431,0.0507037,0.0403354
465,Assemblies of God Hospital,36528,31.9,0.00945173,0.0604909,0.108869,0.178426,0.217654,0.171617,0.112925,0.0864813,0.0508124,0.0172017
466,Choggu Health Centre,16470,17,0.10012,0.200248,0.300375,0.166876,0,0.133499,0,0.0333742,0,0.0667483
467,Habana Hospital,94980,23.1,0.215674,0.103122,0.171047,0.0972098,0.118851,0.0613653,0.0787363,0.0769129,0.0667762,0.0115745
468,St Lucy Polyclinic,85875,38.8,0.0237901,0.0899577,0.113745,0.128569,0.143878,0.187743,0.139901,0.120902,0.0498156,0.0146466
469,Savelugu District Hospital,40000,36.9,0.0192093,0.0576204,0.116933,0.129883,0.0855416,0.118712,0.0934391,0.136027,0.133694,0.110289
470,Tamale Central Hospital,274,0,1.0013,0,0,0,0,0,0,0,0,0
471,Tamale SDA Hospital,274,0.1,1.0013,0,0,0,0,0,0,0,0,0
472,Tamale Teaching Hospital,549,0.1,1.0013,0,0,0,0,0,0,0,0,0
473,Tamale West Hospital,1098,0.1,1.0013,0,0,0,0,0,0,0,0,0
474,Tatale District Hospital - Tatale,83962,30.2,0.0149759,0.0444276,0.0746377,0.141411,0.149968,0.159374,0.145142,0.132735,0.122463,0.0182619
475,UDS Clinic,61317,55.2,0.0806926,0.179321,0.194932,0.13047,0.148537,0.149509,0.0510037,0.040091,0.0160559,0.0118141
476,Yendi District Hospital,101465,55.1,0.0198232,0.0805334,0.143104,0.211979,0.262532,0.142697,0.063922,0.0430646,0.0252676,0.0187312
477,Zabzugu District Hospital,116921,54.3,0.0397198,0.133468,0.231293,0.292695,0.224329,0.0365272,0.00538024,0.0125023,0.0192312,0.00920676
478,Comfort Ofedie Memorial (Nkonya Ahenkro) Health Centre,73932,34.1,0.0254093,0.166561,0.292462,0.139876,0.105116,0.110279,0.090396,0.0295165,0.0418922,0.00284426
479,Worawora Hospital,50360,51.5,0.0683017,0.197244,0.26376,0.192241,0.151967,0.0724275,0.0372763,0.0167241,0.00670726,0.0019647
480,Jasikan District Hospital,31365,27,0.0205678,0.0868774,0.169305,0.138047,0.250394,0.131559,0.0801325,0.0815748,0.0119163,0.0357517
481,Kadjebi Health Centre,22337,26.5,0.0589547,0.11219,0.223961,0.163675,0.15225,0.0919169,0.107311,0.0535091,0.0196793,0.0249728
482,St. Mary Theresa Hospital,44506,28,0.0276022,0.0729482,0.147868,0.169554,0.188092,0.144191,0.096224,0.0476613,0.0515632,0.0624263
483,Dambai Health Certre,72585,39.5,0.0490467,0.138597,0.158039,0.185265,0.225926,0.155364,0.0755505,0.0139379,0.00204168,0.00522796
484,Dormabin Health Centre,40010,33.7,0.0800401,0.171396,0.211604,0.183632,0.154917,0.0803354,0.0611947,0.0231911,0.0371919,0.00235602
485,Katanga (krachi East) Health Centre,33544,44.5,0.106376,0.290957,0.151843,0.100311,0.0466522,0.0313666,0.0292214,0.0707046,0.142049,0.038631
486,Tokoruanu Health Centre,9408,29.9,0.155629,0.385228,0.321011,0.0847579,0.0328305,0.00180765,0.0031703,0.00489403,0.00583524,0.0123402
487,Banda Health Centre,15171,18.1,0.0584509,0.166537,0.219652,0.177139,0.125103,0.107648,0.0559768,0.0430599,0.0258362,0.0258364
488,Borae Health Centre,46229,28.9,0.0426418,0.106606,0.149257,0.149547,0.144554,0.139203,0.11491,0.112894,0.0448186,0.00183861
489,Chinderi Health Center,24829,38.1,0.146886,0.337445,0.180956,0.138398,0.0617681,0.0307747,0.0662537,0.0375244,0.00792912,0.000757667
490,Grubi Health Centre,17812,51.4,0.200133,0.278197,0.151988,0.0595754,0.117918,0.0379623,0.0164308,0.04766,0.0603391,0.0377491
491,St Luke Clinic,1764,5.6,0.22351,0,0,0.223506,0.0558756,0,0.22351,0.111751,0,0.167631
492,Krachi West District Hospital,28223,42.6,0.00892641,0.0481783,0.122079,0.257135,0.250377,0.180469,0.0536831,0.0287151,0.0576406,0.00109499
493,Kpassa Health Centre,95210,34.7,0.0264758,0.069616,0.115707,0.149561,0.180334,0.179481,0.129851,0.105163,0.0406046,0.0108821
494,Nkwanta Municipal Hospital,51068,30.1,0.0257352,0.0552819,0.0895922,0.131528,0.160029,0.176862,0.152664,0.127862,0.067544,0.0268465
495,Nkwanta St. Josephs Hospital,8459,17.3,0.0345272,0.0517918,0.0863233,0.10359,0.138123,0.172107,0.140093,0.18227,0.0722831,0.0326689
496,Bamboi Health Centre,35214,43.1,0.0384732,0.147015,0.252721,0.266581,0.139671,0.0680253,0.0520488,0.0314787,0.0238795,0.0129153
497,Bole District Hospital,42494,42.9,0.0175115,0.0665367,0.114191,0.144208,0.158179,0.154655,0.150907,0.119709,0.0771945,0.0341518
498,Tinga Health Centre,51657,48.6,0.0194603,0.0529754,0.084057,0.1173,0.151473,0.193132,0.192202,0.145555,0.0668089,0.0324213
499,Buipe Polyclinic,51470,60.9,0.0156341,0.0490064,0.0806621,0.114347,0.136368,0.151166,0.174471,0.145788,0.0919305,0.0561291
500,Central Gonja District Hospital,51470,0,0.0156341,0.0490064,0.0806621,0.114347,0.136368,0.151166,0.174471,0.145788,0.0919305,0.0561291
501,Holistic Medicare,24,0.1,1.00674,0,0,0,0,0,0,0,0,0
502,Salaga District Hospital,74253,59.3,0.0187889,0.0652819,0.144029,0.247029,0.188469,0.143497,0.0738768,0.0415111,0.0564949,0.0412177
503,Daboya Health Centre,80925,57.9,0.0117079,0.0456443,0.0700659,0.106891,0.160546,0.222545,0.186623,0.12687,0.0673041,0.032552
504,Lingbinsi Health Centre,22,0.1,1.05202,0,0,0,0,0,0,0,0,0
505,Kpalbe Health Centre,61267,57.1,0.0362242,0.104433,0.159272,0.167919,0.18563,0.175137,0.066371,0.0480844,0.0390206,0.0394136
506,Good Shepherd Health Centre,55430,56.2,0.0374527,0.1057,0.166454,0.149804,0.146268,0.113107,0.08671,0.0863092,0.0810183,0.0322263
507,Sawla-Tuna_Kalba District Hospital,30069,44,0.0452905,0.125125,0.204921,0.190606,0.123693,0.102253,0.0867797,0.0736414,0.0499212,0.0115515
508,St. Anne's Hospital,43590,51.7,0.0196911,0.0611503,0.104032,0.145992,0.179175,0.190935,0.182803,0.0930711,0.0379482,0.0206994
509,Bawku Presby Hospital,37363,24,0.0125555,0.00627777,0.106722,0.0125555,0.100444,0.165444,0.162905,0.138123,0.196868,0.100462
510,Timonde Health Centre,41406,38.6,0.0071752,0.0310276,0.0821826,0.123649,0.120513,0.138772,0.154192,0.164377,0.131793,0.0501921
511,Zebilla Hospital,20140,35.7,0.0197758,0.0444958,0.0939385,0.133448,0.113712,0.148,0.132388,0.167575,0.096779,0.0556061
512,Binduri Health Centre,52359,29.9,0.0173186,0.0223927,0.0896275,0.129956,0.174287,0.15684,0.165822,0.107567,0.0986013,0.0403393
513,Zuarungu Health Centre,18910,37.9,0.0342366,0.13034,0.221908,0.117334,0.0842322,0.0874154,0.075362,0.113041,0.10344,0.0354048
514,Regional Hospital Bolgatanga,7096,9.7,0.181032,0,0,0,0.09052,0.414114,0,0.278607,0,0.0368056
515,Sherigu Health Centre,81591,40.3,0.0118099,0.090449,0.090544,0.157476,0.15371,0.111931,0.117538,0.118693,0.0965517,0.0543382
516,Sumbrungu Health Centre,22749,29.5,0.0141165,0.169401,0.211639,0.134149,0.115791,0.190686,0.0670563,0.0526739,0.0329188,0.0131674
517,Anafobisi Health Centre,3729,23,0,0.0796009,0.0954342,0.253887,0.318417,0.0796068,0.0318421,0.0636874,0.0477655,0.031843
518,Bongo Hospital,7458,0,0,0.0796009,0.0954342,0.253887,0.318417,0.0796068,0.0318421,0.0636874,0.0477655,0.031843
519,Bongo Soe Health Centre,24276,37.1,0.0586915,0.07824,0.175771,0.128865,0.0290614,0.116471,0.0585228,0.141703,0.0655658,0.149275
520,Dua  Health Centre,3729,0,0,0.0796009,0.0954342,0.253887,0.318417,0.0796068,0.0318421,0.0636874,0.0477655,0.031843
521,Namoo Health Centre,15768,36.8,0.0299413,0.246403,0.180497,0.0859002,0.0653419,0.0559968,0.0655133,0.0964575,0.0496389,0.127097
522,Vea Health Centre,11522,17.5,0.0411867,0,0.240404,0.188181,0.185583,0.15429,0.103819,0,0.0359226,0.0529772
523,Zorko Health Centre (New),14644,32.6,0.0162179,0.126203,0.223479,0.0857311,0.113055,0.0715815,0.0818114,0.0818077,0.0613581,0.142618
524,Sandema Hospital,15845,39.4,0.0197712,0.0329521,0.10545,0.125216,0.0922619,0.180841,0.167798,0.111732,0.0659941,0.102144
525,St. Lucas Hospital,13874,38.4,0.0145869,0.0676206,0.0752862,0.0941104,0.146818,0.109173,0.105414,0.128006,0.146826,0.116703
526,Fumbisi Health Centre,19781,34.5,0.0105677,0.0819007,0.136075,0.218977,0.223745,0.154755,0.100392,0.0343374,0.0211307,0.0237713
527,Presbyterian Health Centre - Garu,0,0,0,0,0,0,0,0,0,0,0,0
528,War Memorial Hospital,35166,38.4,0.0212953,0.0468494,0.0935706,0.164134,0.140165,0.154784,0.167769,0.123686,0.0656823,0.0276796
529,Chiana Health Centre,38518,48,0.0158883,0.0582586,0.0712013,0.123279,0.144601,0.162436,0.127353,0.113807,0.139882,0.0506506
530,Paga Hospital,17127,39,0.0357188,0.0636547,0.125225,0.164938,0.164289,0.109891,0.131052,0.128352,0.059806,0.0229266
531,Immaculate Conception Health Centre - Kongo,19226,31.5,0.0106891,0.0641357,0.073042,0.17799,0.138645,0.092162,0.123859,0.169837,0.059079,0.0961861
532,Pelungu Health Centre,33020,35.2,0.0186732,0.040464,0.105834,0.161885,0.165015,0.186836,0.127684,0.0993174,0.0801865,0.0217896
533,Kulungungu Health Centre,3483,0.1,1.00212,0,0,0,0,0,0,0,0,0
534,Pusiga Health Centre,34115,36.2,0.0418365,0.0585961,0.14652,0.181616,0.178738,0.149107,0.10228,0.0629566,0.0287897,0.0518218
535,Datoku Health Centre,25614,36.9,0.0477506,0.217882,0.0955988,0.128197,0.117808,0.0922509,0.13681,0.1288,0.0353944,0.00517244
536,Duusi Health Centre,18053,36.5,0.0853961,0.148025,0.165126,0.239151,0.119606,0.125319,0.0854543,0.0188795,0.00618534,0.0146775
537,Talensi District Hospital,14125,22.6,0.00727757,0.0291109,0.101887,0.131008,0.181958,0.174703,0.0945261,0.120075,0.096233,0.0708719
538,Winkongo Health Centre,14371,11.9,0.0447084,0.0893093,0.0328802,0.0968997,0.178295,0.134127,0.0223562,0.178835,0.0223522,0.201188
539,Basyonde Health Centre,25028,32.8,0.0246904,0.0678983,0.18429,0.149177,0.108499,0.249379,0.106891,0.0255179,0.0585204,0.0280346
540,Bugri Health Centre,27620,23.8,0.0160947,0.0448237,0.0418509,0.111592,0.114589,0.140744,0.16419,0.180466,0.146001,0.0424754
541,Kpikpira CHPS,41607,30.8,0.00743078,0.0708273,0.167617,0.118309,0.165684,0.12206,0.13489,0.0933659,0.0971339,0.0260149
542,Presbyterian Health Centre - Woriyanga,13912,20.2,0.0111082,0,0.0888655,0.177731,0.0473834,0.186803,0.0870567,0.311578,0.0592228,0.0333256
543,Bussie Health Centre,32612,26.5,0.0224554,0.103675,0.168768,0.2222,0.200703,0.13616,0.0958777,0.0345225,0.0147341,0.0095002
544,Daffiama Health Centre,8694,13.3,0.00444427,0.106479,0.0884562,0.168899,0.160427,0.0844546,0.135428,0.116351,0.0800253,0.0711364
545,Fian Health Centre,7372,12.8,0.0209677,0.0576611,0.152013,0.141531,0.120566,0.136295,0.0891284,0.104862,0.115353,0.0786509
546,Issa Polyclinic,15203,18.7,0.030502,0.101673,0.111839,0.152511,0.122008,0.114379,0.132171,0.104205,0.0889653,0.0586867
547,Kojokperi Health Centre,27128,26,0.0227936,0.0826267,0.0997226,0.128218,0.139611,0.165305,0.160908,0.0920546,0.0799368,0.0478143
548,Hain Polyclinic,60679,29.4,0.0271763,0.110733,0.152776,0.170358,0.160785,0.166413,0.100449,0.0691393,0.0390819,0.00924605
549,Jirapa Urban Health Centre,27891,17.9,0.0354919,0.0650665,0.139011,0.133101,0.153808,0.22474,0.127545,0.052757,0.0458733,0.0286017
550,St. Joseph's Hospital,2460,9.9,0.0335345,0.134141,0.134145,0.100613,0.0670781,0.134156,0.100622,0.0670696,0.129248,0.106111
551,Tizza Health centre,22068,17.8,0.0291699,0.0839984,0.134688,0.162911,0.145256,0.131955,0.104777,0.0805878,0.0735616,0.0584828
552,Hamile Health Centre,26410,29.9,0.0735322,0.184567,0.292193,0.199834,0.100428,0.0701555,0.0364735,0.0154125,0.0144236,0.019194
553,Lambussie Polyclinic,40033,19.8,0.0230628,0.107109,0.115376,0.153635,0.140172,0.133346,0.116943,0.10496,0.0874649,0.0199879
554,Babile Polyclinic,15051,14.8,0.0320178,0.0240912,0.102279,0.118827,0.21271,0.196303,0.135259,0.0763085,0.0851358,0.0234532
555,Lawra Hospital,26634,16.1,0.0136089,0.0998003,0.140553,0.204146,0.158701,0.136035,0.136048,0.0543202,0.0407688,0.0226451
556,St. Martin de Porres Clinic - Eremon,17599,9.7,0.0137295,0.0549197,0.0823763,0.109838,0.171416,0.157337,0.0892343,0.109586,0.149658,0.0684607
557,Ahmadia (Nadowli) Hospital,14912,19.1,0.0155591,0.0783909,0.174882,0.199894,0.206727,0.144623,0.0565591,0.0640609,0.0477152,0.0224331
558,Charikpong Health Centre,10442,20,0.0259075,0.13694,0.156634,0.205977,0.224919,0.186394,0.0296166,0.0296116,0.0147856,0.00370159
559,Jang Health Centre,9864,14,0.0313595,0.0274499,0.134607,0.117551,0.151082,0.142429,0.160372,0.119648,0.0861028,0.043114
560,Kaleo Health Centre,152,0.1,1.01763,0,0,0,0,0,0,0,0,0
561,Kaleo Health Centre (Immaculate Conception),988,12.6,0.078276,0.156545,0,0.0782692,0.156532,0.0782626,0.156519,0.0782561,0.156505,0.0782495
562,Nadowli District Hospital,7985,10.4,0.00967945,0.0483989,0.0483964,0.135512,0.116156,0.179073,0.135514,0.203286,0.0925201,0.0484089
563,Takpo Health Centre,10999,17.3,0.031637,0.0878828,0.133577,0.204199,0.255748,0.112276,0.0963846,0.036426,0.0219806,0.033781
564,Piiri Health Centre,23918,12.5,0.0151466,0.070684,0.0908799,0.121173,0.166616,0.17671,0.111072,0.145036,0.0737974,0.0349338
565,St. Theresa's Hospital - Nandom,6840,9,0.0706096,0.0882643,0.176529,0.141221,0.105905,0.105903,0.0529499,0.105895,0.105893,0.0529452
566,Kulfuo Health Centre,27674,52.8,0.0413134,0.146699,0.230642,0.247265,0.141569,0.0812045,0.0515007,0.0273435,0.0459285,0.022173
567,Nabulo Health Centre,17210,37.4,0.0351099,0.112155,0.184326,0.215601,0.178149,0.156305,0.0897494,0.0449894,0.0224983,0.00750053
568,Tumu Hospital,28742,42.6,0.0262551,0.102068,0.181683,0.298304,0.128453,0.0752667,0.0626954,0.0662269,0.0618566,0.0272384
569,Gwollu Health Centre,17404,29,0.0480195,0.162894,0.178705,0.190708,0.206523,0.0807255,0.0458896,0.0383753,0.0334244,0.0282423
570,Gwollu Hospital,86,0.1,1.02782,0,0,0,0,0,0,0,0,0
571,Jeffisi Health Centre,13547,24.8,0.0199981,0.0757082,0.124275,0.168556,0.1928,0.147137,0.124299,0.0828832,0.0571666,0.0257268
572,Funsi Health Centre,34043,45.6,0.0449823,0.11505,0.19932,0.226423,0.141865,0.117523,0.0750736,0.0523291,0.0364064,0.0212392
573,Charia Health Centre,31646,25.8,0.0354786,0.106144,0.183795,0.247001,0.164162,0.117707,0.0415983,0.0440456,0.0456763,0.026917
574,Islamic Hospital,12802,14.2,0.0223719,0.0426866,0.128855,0.160358,0.107399,0.180548,0.0841936,0.0928859,0.0844982,0.100954
575,Upper West Regional Hospital,8047,11.8,0,0.0897995,0.0718441,0.089801,0.107767,0.152676,0.143695,0.0897209,0.134025,0.124665
576,Wa Municipal Hospital,288,0.1,1.00364,0,0,0,0,0,0,0,0,0
577,Dorimon Health Centre,17776,16.4,0.0189626,0.0568868,0.145382,0.0916545,0.167511,0.142231,0.145392,0.154765,0.0557956,0.0248949
578,Gurungu Health Centre,32078,28.2,0.0362378,0.0950109,0.133949,0.180269,0.158077,0.140273,0.12652,0.0720445,0.0363454,0.0258735
579,Kulkpali Health Centre,8854,15.7,0.0570935,0.126875,0.209337,0.196638,0.145899,0.114186,0.0697756,0.0127368,0.0447258,0.0259059
580,Lassia Tuolu Health Centre,15099,12.9,0.0223381,0.0297838,0.0959573,0.134016,0.133871,0.170946,0.163803,0.111679,0.0818913,0.0595517
581,Poyentanga Health Centre,34519,23.5,0.0292645,0.0926187,0.14419,0.173899,0.210435,0.13616,0.106842,0.0544715,0.0377131,0.0188573
582,Wa West District Hospital,15680,16.9,0.0250968,0.075288,0.136237,0.132652,0.114731,0.161338,0.164916,0.0860562,0.0752927,0.0322724
583,Helekpe Health Centre,42877,19.9,0.025142,0.0491316,0.0826457,0.0959246,0.141015,0.134595,0.15021,0.16101,0.0993152,0.0698201
584,Have Health Centre,48753,12.1,0.0059716,0.0244564,0.0477731,0.118752,0.186735,0.223384,0.126498,0.16109,0.0513072,0.0548676
585,Logba Vuinta Health Centre,61006,19.9,0.0429345,0.0810994,0.206444,0.263656,0.142679,0.184471,0.039017,0.0200166,0.0153932,0.00518205
586,Kpetoe Health Centre,32293,20.8,0.0137915,0.0570489,0.0808982,0.0835394,0.0488264,0.150742,0.114653,0.138031,0.223284,0.0929691
587,Ziope Health Centre,27236,15.7,0.0178993,0.0429648,0.105258,0.0935614,0.202162,0.0865788,0.120561,0.116849,0.135921,0.0836278
588,Ave-dakpa Health Centre,35665,13,0.031322,0.0391931,0.0754266,0.108129,0.129861,0.106122,0.127261,0.145245,0.135051,0.106445
589,Akatsi District Hospital,97885,20.5,0.031034,0.0872263,0.106676,0.153204,0.180075,0.218041,0.0922233,0.0675814,0.0198452,0.0481271
590,Anloga Health Centre,62779,30.6,0.0103163,0.0230989,0.112535,0.136189,0.200318,0.20188,0.2194,0.0475853,0.0419665,0.00890341
591,Tegbi Health Centre,4269,11.7,0.130204,0,0.0663382,0.204993,0.16101,0.0532467,0.136702,0,0,0.249611
592,Adidome District Hospital,26408,14.8,0.0239414,0.0618598,0.105418,0.186913,0.161193,0.108064,0.149421,0.106947,0.0695399,0.0347703
593,Mafi-Kumase Health Centre,16184,15.4,0.0165578,0.046545,0.0534645,0.0941589,0.0842699,0.13561,0.124801,0.158837,0.132848,0.161005
594,Ho Municipal Hospital,92837,17,0.033763,0.142551,0.127544,0.205519,0.187548,0.0750185,0.0862712,0.0600156,0.0525113,0.0300049
595,Ho Polyclinic,27540,12.2,0.0758763,0.0632299,0.101171,0.150575,0.106487,0.137061,0.107312,0.0642516,0.124644,0.0709714
596,Ho Teaching Hospital,1520,5.8,0,0,0,0.458278,0,0,0.229145,0,0,0.314173
597,Abutia Agorve Health Centre,15875,17.8,0.0280587,0.0654697,0.162115,0.177704,0.140305,0.118483,0.121605,0.102901,0.0498936,0.0434707
598,Dzologbogame Health Centre,80154,20.7,0.039092,0.130307,0.212834,0.160512,0.188387,0.144062,0.0434269,0.0390947,0.0257996,0.0170573
599,Tsito Health Centre,29357,19.9,0.0402939,0.140374,0.277658,0.252575,0.133129,0.0514547,0.0353806,0.0458139,0.0210472,0.0050587
600,Hohoe Municipal Hospital,95443,24,0.0396205,0.188956,0.274292,0.256002,0.118322,0.076414,0.0250443,0.0103413,0.00783341,0.00616896
601,Volta Regional Hospital,348,0.1,1.00081,0,0,0,0,0,0,0,0,0
602,Keta Municipal Hospital,26033,21.3,0.169679,0.0734438,0.0546975,0.0981582,0.067904,0.0407045,0.0783158,0.158548,0.159438,0.102096
603,Sacred Heart (keta) Hospital,4845,4.4,0.0379118,0,0.0696538,0.0314412,0,0.127655,0.253298,0.0739762,0.189781,0.221684
604,St Anthony's (Dzodze) Hospital,234272,13.2,0.0048961,0.0195842,0.0390287,0.0445603,0.0381703,0.0650668,0.0597088,0.0762937,0.0646354,0.589016
605,Central Aflao Hospital,92781,20.5,0,0,0,0,0.340219,0.562747,0.0575803,0.0213449,0.0169242,0.00172135
606,Ketu South District Hospital,19529,0.1,1.00028,0,0,0,0,0,0,0,0,0
607,Kpando Health Centre,22734,30.3,0.169894,0.332828,0.43131,0.0671965,0.0020442,0.000348763,0.000127143,0,0,0.000234597
608,Margret Marquart Catholic Hospital,14671,9.3,0.0310719,0.0155359,0.0932129,0.046606,0.046606,0.170887,0.139813,0.139815,0.162589,0.157389
609,St Patrick (kpando) Hospital,8946,33.4,0.229299,0.46486,0.273931,0.0326249,0.00168182,0,0,0,0.000307015,0.00119395
610,Anfoega Catholic Hospital,36903,28.6,0.148271,0.385796,0.274052,0.184297,0.0101623,0.00024192,0,0,0,0.000117666
611,Tsrukpe Health Centre,32777,41,0.25833,0.381267,0.134347,0.00969818,0.00142751,0.000349576,0.0261881,0.0524775,0.0754351,0.0633865
612,Vakpo Health Centre,8545,10.3,0.106729,0.0533644,0.186922,0.0533659,0.0903033,0.0678324,0.0337828,0.204385,0.0681278,0.136256
613,Battor Catholic Hospital,36938,18.3,0.0148468,0.067806,0.109284,0.096816,0.169704,0.146722,0.15144,0.13498,0.0745688,0.0422537
614,Juapong Health Centre,19474,19.2,0.0424236,0.0989897,0.0895645,0.11785,0.155564,0.127284,0.117849,0.0989971,0.0989924,0.0612823
615,Peki Hospital,19483,10.7,0.0440864,0.0551071,0.184536,0.129015,0.135621,0.132462,0.0661958,0.184589,0.0572803,0.0146842
616,Richard Novarti Memorial Hospital - Sogakope,43643,17.8,0.0536303,0.0980857,0.153097,0.168478,0.0916228,0.116857,0.115573,0.139417,0.0430249,0.0224225
617,Sogakope District Hospital,11885,14.6,0.0442131,0.176849,0.0736878,0.147377,0.0442138,0.117902,0.103306,0.123032,0.107065,0.0639166
618,Agona Health Centre,67566,28,0.0718989,0.202514,0.308483,0.158473,0.133209,0.0699187,0.0414418,0.000782125,0.0120531,0.00527446
619,Apowa Health Centre,9344,15.6,0.0236317,0.0674643,0.129514,0.10617,0.375781,0.148965,0.0472653,0.0438476,0,0.0606664
620,Nana Hima Dekyi Hospital,9510,17.9,0.0412848,0.0898941,0.185508,0.205676,0.260638,0.0448841,0.0145468,0.113286,0.0431292,0.00481373
621,2mrs Military Hospital,114877,11.4,0.219071,0.315739,0.092298,0.153133,0.0821056,0.0958782,0.0273714,0.00629674,0.00465828,0.00414063
622,Kwesimintim Hospital,100115,9.1,0.301137,0.253734,0.0752868,0.0752776,0.037638,0.0752745,0,0.0358359,0.136517,0.00949822
623,New Crystal Hospital,5705,4.8,0,0,0,0,0,0,0,0.630143,0,0.370061
624,Sycamore Medical Centre,14100,7.2,0,0,0,0,0,0.201975,0.451149,0,0,0.347117
625,Whindo Health Centre,22746,7,0.326565,0.156991,0,0.23194,0,0.0436458,0.141143,0,0.0695117,0.0304529
626,Aiyinase Health Centre,88545,48.4,0.0614125,0.202752,0.199684,0.15001,0.125075,0.0858058,0.0695297,0.0519968,0.0364194,0.023378
627,Asasetre Health Centre,39756,38.5,0.0626468,0.203992,0.24771,0.171361,0.127318,0.0442062,0.0499051,0.0305536,0.0421922,0.0292817
628,Esiama Health Centre,1436,13.2,0.035663,0,0.131431,0.0819267,0,0.327476,0.355418,0,0,0.077508
629,Nana Benie Clinic,88,0.1,1.002,0,0,0,0,0,0,0,0,0
630,St Martin De Porres (Ellembelle) Hospital,697,8.8,0.163746,0,0,0,0.212149,0.0904195,0,0.121813,0,0.421552
631,Elubo Health Centre,51737,36.7,0.042057,0.115651,0.117176,0.145701,0.222479,0.195227,0.0450096,0.0825216,0.0300074,0.00750183
632,Half Assini Government Hospital,20031,29.8,0.00152613,0.0224266,0.113422,0.221924,0.338944,0.121291,0.113215,0.044105,0.0176818,0.00962659
633,Tikobo No 1 Health Centre,45882,21.1,0.0366707,0.0846242,0.115622,0.131899,0.165093,0.168541,0.132137,0.073592,0.0507837,0.0445797
634,Manso Community Clinic,24276,30,0.0636734,0.200815,0.256099,0.184098,0.100638,0.0660644,0.0367255,0.0428901,0.0313749,0.0250894
635,Axim Government Hospital,8533,19.5,0.00329167,0.0249133,0.0537059,0.10802,0.270676,0.302336,0.166107,0.0229357,0.0433592,0.0116987
636,Bamiankor Health Centre,26073,22.3,0.0356474,0.119673,0.173163,0.267472,0.175696,0.0815847,0.0560057,0.0356382,0.0381825,0.0229087
637,Aboso Health Centre,41768,34.5,0.119606,0.212801,0.130362,0.0883603,0.102569,0.112631,0.123613,0.0683816,0.024187,0.0227643
638,Bogoso Health Centre,45623,27.1,0.00250947,0.117945,0.226409,0.213791,0.130634,0.0986136,0.110663,0.0617716,0.0228505,0.0213549
639,Himan Health Centre,70109,36.6,0.101266,0.193738,0.192924,0.117494,0.100093,0.0818333,0.0852234,0.072253,0.0471786,0.0147546
640,Huni Valley Health Centre,35394,26.2,0.0647046,0.148821,0.171464,0.132637,0.12176,0.106592,0.11347,0.0578367,0.0500303,0.0373295
641,Huniso CHPS,19723,10.7,0.0116134,0.137473,0.169093,0.15741,0.206154,0.114288,0.0651318,0.0745458,0.0405617,0.0289503
642,Prestea Government Hospital,2508,5,0.0456601,0,0.0913222,0.0913201,0.182644,0,0.136986,0.136982,0.0456621,0.273979
643,Effia Nkwanta Regional Hospital,286130,9.2,0.153,0.0658497,0.210705,0.105356,0.180187,0.129698,0.093212,0.0412258,0.0180543,0.0028317
644,Essikado Hospital,7531,0.1,1.00018,0,0,0,0,0,0,0,0,0
645,Holychild  Hospital,113918,7.3,0.1654,0.165397,0.264627,0.0330776,0.0661552,0.0661538,0.132308,0.0263745,0.0659986,0.0145848
646,Nagel Memorial  SDA Hospital,15013,0.1,1.00014,0,0,0,0,0,0,0,0,0
647,New Takoradi Health Center,11628,0.1,1.00018,0,0,0,0,0,0,0,0,0
648,Takoradi Hospital,3400,0.1,1.00011,0,0,0,0,0,0,0,0,0
649,Western Naval Command Medical Centre,0,0,0,0,0,0,0,0,0,0,0,0
650,Shama Health Centre,136496,16,0.0379741,0.242528,0.513159,0.0727361,0.0539483,0.0456511,0.00564581,0.0179638,0,0.0107995
651,St Benedict Hospital,24851,5.1,0.303081,0,0,0,0,0,0.606528,0,0,0.0904888
652,Supomu Dunkwa Health Centre,48208,9.6,0.0358745,0.0819208,0.085688,0.263347,0.152223,0.0985576,0.160863,0.0760516,0.0351592,0.0116135
653,ABA Hospital,4464,2.8,0.0365453,0.0182726,0.148898,0,0.121379,0.217388,0.0599882,0.297241,0.087858,0.0182734
654,Apinto Government Hospital,6561,13.3,0.0497312,0.124328,0.0994657,0.1492,0.111905,0.124341,0.136778,0.0621723,0.0994796,0.0497398
655,Benso Health Centre,17803,18,0.0310546,0.0913675,0.164888,0.127568,0.156968,0.178408,0.114797,0.071744,0.0595724,0.0107975
656,Dompim Health Centre,15987,18.9,0.0153106,0.15821,0.16023,0.221928,0.12517,0.0676428,0.119417,0.0685958,0.0332127,0.0373628
657,GMC Hospital,9886,14,0.049509,0.123773,0.165034,0.183589,0.189794,0.107273,0.0825181,0.0577027,0.0165048,0.0313482
658,Iduapriem Health Centre,6917,22,0.0235882,0.141529,0.225135,0.0923191,0.120584,0.0191897,0.0479721,0.086349,0.163106,0.0863486
659,New Atuabo Community Clinic,81,0.1,1.00702,0,0,0,0,0,0,0,0,0
660,Nsuaem (Tarkwa Nsuayem) Health Centre,13869,13.6,0.00588439,0.0353056,0.088264,0.15299,0.222074,0.197827,0.0847705,0.103277,0.0993073,0.0176502
661,Redeemer Hospital,243,1.2,0.335689,0,0,0,0,0,0,0,0,0.671379
662,Simpa Health Centre,7334,10.4,0.0111259,0.177844,0.100048,0.163256,0.117202,0.197541,0.0807095,0.10786,0.0111263,0.0403535
663,Tarkwa Benso Health Centre,1377,5.6,0.118479,0,0.236962,0.0592393,0.118481,0,0.355441,0,0,0.118481
664,Tarkwa Municipal Hospital,324,0.1,1.00705,0,0,0,0,0,0,0,0,0
665,Tebrebe Community Clinic,243,2,0.335704,0,0,0,0,0,0,0,0,0.671408
666,Adjakaa Manso Health Centre,16881,17.5,0.0265337,0.0560159,0.138565,0.150359,0.165531,0.261671,0.118326,0.038918,0.0521776,0.00294882
667,Agona (Wassa Amenfi Central) Health Centre,10927,23.3,0.0774404,0.16399,0.163992,0.0819987,0.127555,0.141223,0.104784,0.0637826,0.0273358,0.0637848
668,Manso Amenfi Health Centre,29019,26.9,0.0308925,0.0943942,0.189064,0.233264,0.184777,0.134743,0.0659967,0.0438426,0.0257472,0.0120153
669,Afransie Health Centre,18216,18.7,0.0146464,0.0688621,0.0993607,0.234758,0.232332,0.14851,0.061869,0.0478006,0.0564883,0.0496553
670,El-shiva Clinic,14878,15.4,0.0218315,0.0469242,0.118469,0.197353,0.218755,0.179627,0.126988,0.0392919,0.0523886,0.00873121
671,Holy Angels Clinic,128,0.1,1.01503,0,0,0,0,0,0,0,0,0
672,Mampong (WAE) Health Centre,10652,19.4,0.0186887,0.0280332,0.158853,0.158855,0.100555,0.124397,0.130654,0.121963,0.132331,0.0360571
673,Oppon Valley Health Centre,38057,27.3,0.00977938,0.0541881,0.0824916,0.136916,0.161304,0.199552,0.183311,0.118408,0.0270665,0.0341304
674,Saa Health Centre,27859,26.9,0.0209755,0.1142,0.130514,0.16074,0.209719,0.143201,0.107408,0.0553987,0.0442898,0.0256425
675,Wassa Akropong Govt Hospital,23756,26.1,0.0492093,0.142158,0.256332,0.182616,0.12836,0.0889955,0.0382742,0.0519433,0.0273384,0.0492089
676,Father Thomas Alan Rooney Memorial Hospital,26633,34.7,0.0673001,0.145913,0.225382,0.210114,0.0849062,0.0936834,0.0730304,0.0365135,0.0326686,0.0422764
677,Samartex Hospital,861,21.2,0.0578604,0.116687,0.355111,0,0.178412,0,0.11894,0,0.0594698,0.11894
678,Ahmadiyya Mission Hospital,18838,31.2,0.229159,0.349575,0.15146,0.0978154,0.0536375,0.0252403,0.0283943,0.018929,0.0220841,0.0283924
679,Akutuase Community Clinic,11486,16.9,0.0155231,0.134534,0.166064,0.238184,0.115782,0.130219,0.0459125,0.0526662,0.0613978,0.0464975
680,Akyempim Health Centre,14632,30.2,0.0446634,0.215194,0.178658,0.121819,0.146189,0.0690343,0.0893398,0.0365485,0.0812231,0.0243674
681,Ateiku Health Centre,11764,17,0.020198,0.0555446,0.166632,0.116137,0.128754,0.119487,0.113096,0.101077,0.144874,0.0413532
682,Atobiase Community Clinic,15792,24.6,0.0451561,0.139229,0.23186,0.243068,0.159158,0.072225,0.0451572,0.0225794,0.0301053,0.0188157
683,Christina Adcock and Son's Christian Hospital,2852,17.5,0.0624863,0.27078,0.104147,0.166634,0.124977,0.12498,0.0416613,0.0480143,0.0214504,0.0416622
684,Daboase Health Centre,118,0.1,1.00757,0,0,0,0,0,0,0,0,0
685,Dompim Community Clinic,18376,8.6,0.0155325,0.12553,0.180339,0.0621983,0.148534,0.165698,0.171976,0.0835223,0.0161762,0.0323516
686,Essaman (Sekyere Krobo) CHPS,11859,25.4,0.080191,0.260622,0.315752,0.150354,0.110256,0.0150346,0.0250576,0.0250569,0.0100227,0.0150338
687,Nsadweso CHPS,2301,32.4,0.051643,0.12911,0.103289,0.0258226,0.154939,0.0516476,0.129121,0.103299,0.180779,0.0774772
688,Boinso Health Centre,20347,22.3,0.0226511,0.0377513,0.135991,0.131455,0.149089,0.164712,0.148492,0.0933504,0.0704616,0.0503267
689,Enchi Government Hospital,72072,43.8,0.0319613,0.0894914,0.174721,0.192241,0.173485,0.136806,0.098946,0.0483928,0.0387189,0.0193721
690,Kaase  Health Centre,20642,36.3,0.0608746,0.284969,0.219439,0.149513,0.118783,0.0547813,0.0487948,0.0296076,0.0243463,0.0213031
691,Angela Memorial Catholic Clinic - Yawmatwa,34464,55.3,0.153782,0.24388,0.19148,0.152639,0.11911,0.0419044,0.0273567,0.0309984,0.0200581,0.0311983
692,Essam gov. Hospital,43824,53.8,0.0889195,0.164934,0.130523,0.150609,0.187911,0.157503,0.0753823,0.0143413,0.0315511,0.0120635
693,Anhwiaso (bibiani Anhwiaso Bekwai) Health Centre,51786,36.1,0.0430308,0.141374,0.146968,0.190009,0.142846,0.139194,0.0652614,0.0516168,0.0424881,0.0410218
694,Bibiani District Hospital,42088,40.7,0.0203595,0.150695,0.211068,0.168128,0.167134,0.130598,0.0849013,0.0412647,0.0243811,0.00937707
695,Gbc Awaso Hospital,28557,23,0.0240139,0.0660375,0.246138,0.204099,0.126068,0.102058,0.0420261,0.0540324,0.0780479,0.060037
696,Sefwi Bekwai Health Centre,38478,25.6,0.0667938,0.173393,0.243094,0.168715,0.0885821,0.127524,0.0436911,0.0301139,0.0409249,0.0197985
697,Kwasikrom (Bodi) Health Center,30323,27.6,0.0493167,0.114162,0.185244,0.186639,0.147478,0.119702,0.0902795,0.0354125,0.0499565,0.031608
698,Bonsu Nkwanta (Juaboso) Health Centre,51089,34.4,0.0333676,0.112019,0.14419,0.144181,0.144825,0.151887,0.149582,0.0913495,0.0362065,0.00607432
699,Juaboso Government Hospital,30227,28.5,0.0362541,0.134945,0.199402,0.183286,0.207602,0.101127,0.0748907,0.0498991,0.0169725,0.0100678
700,Akontombra Health Center,47302,30.7,0.0571114,0.130409,0.169016,0.135761,0.126814,0.13503,0.116704,0.0692623,0.0558918,0.00715205
701,St John Of God (sefwi Wiawso) Hospital,34268,26.6,0.00975996,0.0536783,0.102476,0.171264,0.187291,0.216303,0.170065,0.0170273,0.0357798,0.038338
702,Wiawso Govt Hospital,44580,28.3,0.0863068,0.153821,0.199753,0.154557,0.121811,0.109874,0.0620039,0.040447,0.0492823,0.0241261
703,Dadieso District Hospital,12417,21.7,0.03708,0.166588,0.229997,0.15367,0.141461,0.0916782,0.0626224,0.0387127,0.0682252,0.0144411
704,Maternal and Child Health Hospital,70870,0.9,0.333338,0,0,0,0,0,0,0,0,0.666693
705,St. Matthews Hospital- Ampenkro,1995,7.2,0.268398,0,0,0,0,0.3355,0,0.268398,0,0.134207
706,Sunyani SDA Hospital,217,0.1,1.00419,0,0,0,0,0,0,0,0,0
707,Asuofua Polyclinic,96292,6,0.0485548,0.518808,0.0196367,0.227154,0.0375524,0.0438458,0.00908433,0.0229435,0.0360191,0.0367454
708,Afrancho Polyclinic,3456,0.7,0.222493,0,0,0,0,0,0,0,0.111243,0.667474
709,Fountain Care Hospital,246,0.1,1.00188,0,0,0,0,0,0,0,0,0
710,Living Waters Hospital,5251,4.2,0.133659,0,0.334149,0.133663,0,0.200578,0.133666,0,0,0.0668349
711,James Town Maternity Home,57469,0.1,1.00004,0,0,0,0,0,0,0,0,0
712,Drobo Health Centre,8946,16,0.0282987,0.127341,0.141485,0.12733,0.0848835,0.127319,0.0707301,0.0990198,0.0707256,0.127286
713,Jemima Crentsil Hospital,3768,0.1,1.00016,0,0,0,0,0,0,0,0,0
714,La Polyclinic,14393,0.1,1.00004,0,0,0,0,0,0,0,0,0
715,Sege Polyclinic,46054,12.5,0.0136964,0.100945,0.209572,0.0975799,0.207756,0.13811,0.105262,0.0633165,0.0494448,0.0160456
716,Techimantia Government Hospital,21252,13.4,0.0311315,0.0747154,0.136981,0.149426,0.161877,0.112063,0.174317,0.0871633,0.0435828,0.0311311
717,Mamponteng Hospital,15045,4.9,0.0511048,0.0828666,0.0710089,0.0314133,0.203241,0.102251,0.268809,0.0511318,0.0747082,0.0650707
718,Foase Health Centre,19939,7.8,0.0197425,0.0326874,0.243848,0.226984,0,0.1388,0.0597462,0.159325,0.0597473,0.0597484
719,Rachel Health Centre,4726,25.7,0.1133,0.141627,0.0849756,0.226613,0.0842727,0.027925,0.203179,0,0.0739584,0.049307
720,Badu Health Center,21830,22.4,0.0254245,0.126209,0.194095,0.167658,0.128398,0.102449,0.0983309,0.090132,0.0477871,0.0382272
721,Amoaya Health Centre,6180,10.8,0.0394128,0.0689716,0.197061,0.187204,0.0689685,0.167493,0.128084,0.0591177,0.0394128,0.0591197
722,Pope John Paul II Medical Centre,23793,10.5,0.0323327,0.168957,0.109301,0.174412,0.304333,0.157636,0,0.0161649,0,0.0385316
723,Arms Hospital,7582,7.2,0,0.147388,0.117906,0.206334,0.0884287,0.117911,0.117909,0.0294769,0,0.176865
724,Valley View Adventist Hospital- Techiman,1784,5.9,0.250569,0,0.125285,0,0.250569,0,0,0.125285,0,0.250569
725,Bomso Clinic,23622,0.1,1.00007,0,0,0,0,0,0,0,0,0
726,Abesim Health Center,22614,13.1,0.0451247,0.176557,0.106074,0.171574,0.153464,0.111848,0.124999,0.0596109,0.0476907,0.00596223
727,Mount Camel Hospital and Fertility Center,32091,7.1,0.0452645,0.351035,0.258829,0.0798564,0.0612269,0.0322442,0.0468976,0.0556334,0.0263804,0.0433765
728,Dapooretindongo CHPS,7475,12.3,0.0859267,0,0,0.297661,0.382481,0,0.155247,0.0385565,0.0137495,0.0274989
729,Gambibgo Health Centre,6138,8,0.203689,0,0,0,0.104662,0.0523288,0.194956,0.156991,0.078845,0.209324
730,Adabokrom Health Centre,14446,43.2,0.0304468,0.0869904,0.152228,0.221819,0.121786,0.0956876,0.108733,0.0782878,0.0826414,0.0347985
731,Asawinso SDA Hospital,20509,42.1,0.0863873,0.348459,0.226702,0.138212,0.0819631,0.0209055,0.0327811,0.0152431,0.0344207,0.0231652
732,Brosankro Health Centre,6785,13.6,0.0595247,0.242743,0.34277,0.0690788,0.109053,0.0316666,0.0743439,0.0295476,0,0.0443206
733,Kotoso RH Clinic,12339,14.7,0.0273413,0.154004,0.205604,0.288054,0.193735,0.0670027,0.0280857,0.0128942,0.0188737,0.0095114
734,Dachio CHPS,3807,10.6,0.0314711,0,0,0.0540424,0.226091,0,0.397468,0.0539889,0.134975,0.107968
735,Vineyard Hospital,26958,30.1,0.0174016,0.0783072,0.0348032,0.139213,0.240841,0.266857,0.0747312,0.0261008,0.0989386,0.0250931
736,Manso Nkwanta Government Polyclinic,26343,19.9,0.044669,0.124078,0.134001,0.109182,0.163055,0.258876,0.0916707,0.0248122,0.0148878,0.0396995
737,St. Peter's Catholic Hospital,2958,1.2,0.46323,0,0,0,0,0,0,0,0,0.536922
738,Subinso Health Center,34191,21.4,0.0155043,0.0904994,0.191805,0.184598,0.187282,0.156934,0.0758929,0.0515732,0.0418318,0.0130741
739,Salvation Army Hospital,6030,4.6,0.222743,0,0.111371,0.111369,0.0556845,0.222743,0.111369,0,0,0.167056
740,Akramaman CHPS,20605,2.5,0.0663486,0,0,0,0,0.265391,0.265388,0,0,0.403037
741,Osudoku Health Centre,37166,14.7,0.0165319,0.0357508,0.0799428,0.0841459,0.130638,0.165678,0.185942,0.183575,0.0916191,0.0298191
742,Paboase Health Centre,23891,18.7,0.0420086,0.11909,0.19002,0.204454,0.135823,0.114117,0.105537,0.0339861,0.0066111,0.0509431
743,Kwapong Health Center,13050,19.3,0.0447047,0.0223523,0.067057,0.067057,0.13411,0.212346,0.178819,0.111764,0.111763,0.0558824
744,Obuasi SDA Hospital,4732,4.3,0.307956,0,0,0,0.153974,0.153978,0.0769871,0,0,0.307956
745,Tontokrom Health Centre,43971,32.4,0.0520351,0.154654,0.309925,0.127156,0.112665,0.081526,0.0520157,0.0451004,0.0376271,0.0335242
746,Coronation Health Centre,321,0.1,1.00051,0,0,0,0,0,0,0,0,0
747,VRA Hospital,10198,6.7,0.201182,0,0,0,0,0.65122,0,0,0,0.147833
748,Yamfo (Tano North) Health Centre,14279,15.6,0.0283248,0.20771,0.0850766,0.231576,0.113301,0.169954,0.0377693,0.0377703,0.0377708,0.0566579
749,St. Benito Menni Hospital,23224,10.4,0.0313673,0.0784178,0,0.109783,0.236962,0.110974,0.14153,0.112332,0.0481717,0.131399
750,A&A Royal Medical Centre,8772,7.2,0.023265,0.13959,0.255912,0.0465257,0.139584,0.13958,0.0232636,0.139583,0.0465272,0.0465285
751,Atronie Health Centre,33728,45.1,0.0536153,0.220821,0.305815,0.110305,0.0818578,0.0695839,0.0738739,0.0391474,0.0360074,0.0120027
752,Duadaso Health Centre,17764,13.1,0.0485665,0.117946,0.135545,0.193079,0.132328,0.0807917,0.0876189,0.0672616,0.0910747,0.0485783
753,Jinjini Health Centre,14573,10.6,0.0127423,0.152905,0.16565,0.0892005,0.0637167,0.101947,0.127435,0.114498,0.0509753,0.12471
754,Owusu Memorial (sunyani) Hospital,6085,14.5,0.133862,0.0670765,0.134157,0.0670805,0.134165,0.0670846,0.134173,0.0670886,0,0.195909
755,Zezera Health Centre,16759,15.5,0.0147124,0.0744263,0.060356,0.118335,0.157188,0.188344,0.0754968,0.164565,0.0679439,0.0827439
756,Hemang (fanteakwa) CHPS,1512,7.7,0.16722,0,0,0,0,0,0.16722,0,0.33444,0.33444
757,Akumadan Health Centre,3406,8.6,0.0692251,0.126212,0.0923893,0.266476,0.170189,0.102117,0.0340374,0.0680749,0.0340364,0.0510556
758,St. Peter's Health Centre- Ntobroso,22529,23.7,0.0140171,0.0385483,0.0855299,0.147804,0.175941,0.159324,0.181019,0.128933,0.0501501,0.0280318
759,3mrs Sunyani,1829,1.4,0.111574,0,0,0,0.219401,0.223147,0,0,0,0.446281
760,Dumasua CHPS,9828,15,0.08844,0.0994926,0.154763,0.121593,0.077375,0.088425,0.0994757,0.110524,0.0331561,0.132621
761,Kyeremasu Presby Clinic,1450,6.3,0.184645,0,0,0,0,0.0923224,0,0.183426,0,0.54454
762,Hope Christian Hospital,19122,7.4,0.0308126,0,0,0,0.246999,0,0.0617591,0.0926401,0.25072,0.317895
763,Katamanso Health Centre,6776,1.2,0.672364,0,0,0,0,0,0,0,0,0.328023
764,New Ningo CHPS,517,6.7,0.539849,0,0,0,0,0.363914,0,0,0,0.105917
765,Likpe Bakua Polyclinic,58670,19.1,0.0446205,0.123947,0.22358,0.144457,0.126611,0.0911267,0.0732566,0.0653062,0.0648089,0.0450983
766,Binaba Health Centre,53113,34.3,0.013131,0.0501391,0.112558,0.194817,0.184765,0.17891,0.109125,0.0773059,0.059364,0.026062
767,Bolgatanga Health Centre,2568,4.6,0.25014,0,0,0,0,0,0,0.50028,0,0.25014
768,Doninga Health Centre,67383,51.3,0.0403074,0.120148,0.181969,0.199858,0.148977,0.110266,0.0598927,0.0736243,0.0672192,0.00954114
769,Nyariga Health Centre,4128,7.9,0.0575639,0,0,0,0.147721,0.115103,0.188184,0.304644,0,0.188564
770,Sakote CHPS,8160,14.6,0.0251916,0,0.0629784,0.100764,0.0629785,0.251913,0.176341,0.188943,0.0629751,0.0755613
771,Bulenga Health Centre,76455,53.2,0.0683438,0.142843,0.187279,0.173548,0.16368,0.102535,0.0694042,0.0513977,0.0367445,0.0182449
772,Abura Clinic,28084,25.6,0.0718597,0.218388,0.219385,0.248062,0.19232,0.031455,0.0157281,0,0.0048103,0.00233164
773,Asankran Breman Health Centre,18935,28.2,0.0525852,0.0946615,0.155762,0.158802,0.111215,0.0505803,0.074563,0.106324,0.12966,0.0769768
774,Asawinso Health Centre,35756,56.7,0.0119132,0.0493551,0.0924828,0.185112,0.147499,0.15464,0.122604,0.0980036,0.10131,0.0463483
775,Abore Health Centre,7784,12.6,0.0335948,0.0671878,0.0503913,0.100781,0.100787,0.352728,0.165799,0.0671913,0,0.0671806
776,Juansa Government Polyclinic,12726,26.2,0.033599,0.109954,0.172769,0.309393,0.14765,0.132642,0.073071,0,0.0184774,0.00923553
777,Debibi Health Center,12554,21.3,0.0213658,0.113962,0.119349,0.121271,0.0927096,0.077947,0.136091,0.121805,0.0992513,0.107646
778,Sabiye Health Center,17069,21.6,0.0157076,0.0872648,0.0925021,0.116942,0.127418,0.164078,0.158842,0.125677,0.105645,0.0331732
779,Bukunor Health Centre,12527,6.2,0.0234124,0,0.103709,0.0895203,0.172638,0.214143,0.0846163,0.0727258,0.104101,0.138968
780,Gowrie CHPS,1500,6.5,0.305063,0,0,0,0,0,0,0,0.538643,0.158344
781,Navrongo Health Centre,298,0.1,1.00519,0,0,0,0,0,0,0,0,0
782,Afife Health Centre,145183,21.1,0.0441078,0.0905585,0.127728,0.226868,0.25591,0.149013,0.0173701,0.0630503,0.0204525,0.00664994
783,Ve Golokwati Health Centre,61740,16.8,0.0141392,0.136679,0.164578,0.172232,0.164731,0.131956,0.070694,0.0755692,0.06241,0.00991273
784,Gambia Health Centre,28517,43.8,0.0204568,0.0436091,0.096913,0.142841,0.152386,0.123229,0.158912,0.150241,0.0750142,0.0460066
785,Ama Tettehkrom CHPS,24797,35.5,0.0722505,0.15452,0.149079,0.144071,0.110779,0.1213,0.0929961,0.0930039,0.024263,0.0404392
786,Namasa CHPS,9396,18.2,0.0222028,0.0824677,0.1015,0.123699,0.15225,0.168104,0.142725,0.11418,0.0475815,0.0729588
787,Opoku Clinic,346,0.1,1.00151,0,0,0,0,0,0,0,0,0
788,Bonikope Health Centre,16422,16,0.107337,0.256312,0.0979946,0.331307,0.032764,0.0184165,0.0318511,0.00123411,0.0203708,0.104791
789,Dawa CHPS,9775,12.4,0.0577298,0.0769731,0.211676,0.163566,0.0865879,0.0962144,0.0673437,0.0673418,0.0865813,0.0865718
790,Baika Health Centre,29086,15.3,0.0651694,0.136,0.276678,0.219263,0.0837507,0.102951,0.0478884,0.0471073,0.0147873,0.00987838
791,Apuwongo CHPS,1422,4.3,0.33406,0,0,0,0,0,0,0,0,0.668149
792,Kanjarga Health Centre,7168,15.9,0.00728959,0.0145792,0.109345,0.130901,0.203395,0.143426,0.179246,0.0987644,0.0441005,0.0765872
793,Shia Health Centre,55048,37.1,0.0119387,0.0155671,0.0993566,0.253348,0.286885,0.114724,0.123033,0.0631777,0.0219743,0.0127732
794,Kpedze Polyclinic,34009,11,0.0409419,0.0921195,0.0921218,0.263481,0.162117,0.159323,0.0401471,0.10106,0.0393686,0.0100209
795,Shia Health Centre,55048,37.1,0.0119387,0.0155671,0.0993566,0.253348,0.286885,0.114724,0.123033,0.0631777,0.0219743,0.0127732
796,St Paul (Akatsi) Hospital,37832,19.6,0.0100375,0.0545296,0.0602034,0.0985259,0.120827,0.157023,0.121154,0.134635,0.115554,0.130549
797,New Town Health Centre,6942,27.7,0.0211963,0.0415446,0.131619,0.167034,0.131107,0.228724,0.0908919,0.160509,0.0245844,0.00731996
798,Westside Medical Centre,8192,3.4,0.843159,0,0,0,0,0,0,0,0,0.157052
799,Banhart Hospital,721,4.2,0.224684,0,0,0,0.112345,0,0,0.449368,0,0.224684
800,Adansi North District Hospital,728,0.1,1.0007,0,0,0,0,0,0,0,0,0
801,Edubia Health Centre,24029,44.8,0.0500842,0.20427,0.15195,0.184785,0.156872,0.0771295,0.0713494,0.0661168,0.0360784,0.00718148
802,Manfo Health Centre,35805,46,0.118198,0.228113,0.14636,0.163258,0.106969,0.0821165,0.0599648,0.0335894,0.0363994,0.0278988
803,Wiamoase SDA Hospital,76297,16.3,0.00998206,0.0667107,0.114744,0.180331,0.106411,0.179024,0.160552,0.0535383,0.0740298,0.0566556
804,Alice Maternity Clinic,446,0.1,1.00224,0,0,0,0,0,0,0,0,0
805,Patmos Medical Centre,250,0.1,1.00574,0,0,0,0,0,0,0,0,0
806,Adamorobe CHPS,25835,2.2,0.150696,0,0,0,0,0.0216339,0,0.612864,0.189487,0.0256281
807,Bethel (yilo Krobo) Maternity Home,348,0.1,1.00216,0,0,0,0,0,0,0,0,0
808,Holy Spirit Polyclinic,75,0.1,1.00608,0,0,0,0,0,0,0,0,0
809,Sempoa CHPS,48104,21.3,0.0130832,0.0491171,0.0781176,0.126279,0.123144,0.143508,0.143526,0.14399,0.127372,0.0606999
810,Agomeda Health Centre,17894,10.4,0.01051,0.0644547,0.165811,0.127901,0.192854,0.236743,0.0719117,0.0581655,0.0420377,0.0315272
811,Ayetepa CHPS,1237,7.3,0.12905,0,0,0,0.304172,0.0695254,0.152086,0,0,0.348573
812,St Andrews Catholic Hospital,5452,6.3,0.0344983,0.0689965,0.0344983,0.137993,0.137993,0.137998,0.206995,0.0689974,0.103496,0.0689999
813,Sang Health Centre,52375,37.2,0.0180027,0.0516068,0.156021,0.171618,0.145097,0.149846,0.135646,0.108058,0.06964,0.00840471
814,Brewaniase Health Centre,28153,27.2,0.0380616,0.109541,0.139471,0.160423,0.178706,0.168819,0.0603942,0.0717804,0.0487673,0.0367027
815,New Ayoma Health Centre,19464,19,0.0372306,0.123642,0.285177,0.118108,0.151907,0.0933963,0.0863614,0.0506031,0.0245344,0.0358193
816,Waya Health Centre,11662,11.6,0.00848835,0.0763952,0.0339534,0.161279,0.148546,0.15279,0.182503,0.110348,0.123085,0.0127335
817,Wegbe Kpalime Health Centre,36686,11.3,0.0147442,0.0958829,0.0666859,0.219559,0.190771,0.237133,0.073836,0.0554775,0.0349714,0.0124185
818,Kwaku Boah CHPS,10375,25.9,0.0815495,0.163097,0.167895,0.194549,0.135511,0.0864721,0.0335764,0.0691029,0.043555,0.0394618
819,Princess Health Centre,10067,23.6,0.014624,0,0.150623,0.0851599,0.501641,0.112709,0.0834344,0.0133588,0.0340266,0.00771941
820,Datano CHPS,5200,18.4,0.0503094,0.0251541,0.150927,0.150927,0.150921,0.150923,0.0251541,0.0503069,0.150927,0.100614
821,Family Care Hospital,36216,5.3,0.0680787,0.118141,0.0796528,0.181907,0.106839,0.0666016,0.0468799,0.158345,0,0.174521
822,Namong SDA Hospital,55910,28.4,0.0777304,0.0690911,0.126813,0.111819,0.148085,0.158346,0.134912,0.0814716,0.0721815,0.0252603
823,Anum Boso Salvation Army Clinic,9371,12.4,0.0727827,0.339365,0.325648,0.190141,0.0464458,0,0.0224823,0,0,0.00521664
824,Oterkpolu Health Centre,3480,6,0.050112,0,0,0.400904,0,0.150339,0,0.200453,0.100224,0.100227
825,Oyoko (New Juabeng) Health Centre,18802,1.4,0.316672,0,0,0,0,0.158336,0,0,0,0.525327
826,Presbyterian Health Centre - Abetifi,1364,3.6,0.0911169,0,0,0.546716,0.182234,0,0,0,0,0.182239
827,Kofi-Kope CHPS,3946,5.5,0.143027,0.119191,0.1907,0.261977,0.0476739,0,0.119179,0.0476716,0.0476704,0.0238352
828,Mobole CHPS,4851,7.1,0.0387799,0.0969492,0.0387789,0.0775578,0.0969454,0.14026,0.0879066,0.152331,0.155105,0.116328
829,Nyaho Medical Centre,41009,0.4,0.692367,0,0,0,0,0,0,0,0,0.307688
830,Pantang RCH Clinic,4096,0.1,1.00026,0,0,0,0,0,0,0,0,0
831,SDA Hospital,27080,3,0.105304,0,0,0.249831,0.317783,0.0188379,0,0.0966441,0.158895,0.052965
832,Nakpale Health Centre,118417,28.6,0.0125535,0.0459835,0.0732209,0.106083,0.131669,0.173649,0.163675,0.153107,0.103958,0.0402516
833,Salaga Health Centre,11525,48.8,0.0389853,0.100548,0.172378,0.176539,0.159037,0.172592,0.108812,0.0470426,0.0439545,0.00331322
834,Bazua Health Centre,23619,40.5,0.0297989,0.188722,0.138917,0.126819,0.142278,0.0738381,0.086259,0.0589547,0.069486,0.0885277
835,Sokabisi Health Centre,3825,3.8,0.167929,0,0,0,0,0,0,0,0,0.832712
836,St. Theresah Health Centre,2607,7.6,0.182206,0,0,0,0.364412,0,0.0911073,0.182214,0,0.182206
837,Wagliga CHPS,948,0.1,1.00213,0,0,0,0,0,0,0,0,0
838,Yikene CHPS,642,0.1,1.00047,0,0,0,0,0,0,0,0,0
839,Zuarungu-moshie Health Centre,1869,5.8,0,0,0,0,0,0.4085,0,0,0.480784,0.113534
840,Wogu CHPS,3724,11.8,0.041504,0.0933835,0.197137,0.207521,0.0933708,0.103742,0.134857,0.0207466,0.0414913,0.0829792
841,Ahunda Health Centre,9312,12.8,0.00531481,0.0850371,0.106295,0.175385,0.202218,0.17008,0.0903593,0.0797333,0.0425256,0.0531581
842,Kpotame Health Centre,13864,9.8,0.0565501,0.097569,0.0829045,0.317034,0.11394,0.0298255,0.10434,0.0389192,0.0400732,0.12085
843,Mater Ecclesiae Hospital,20710,5.9,0.016818,0,0.129482,0.246572,0,0.0538546,0.205094,0.0948154,0.187482,0.0672674
844,Akyekyere CHPS,8330,19.6,0.0538026,0.167387,0.203251,0.173357,0.161396,0.0777062,0.107589,0.0119538,0.0298846,0.0298834
845,Beposo Health Centre,2426,8.5,0.0396192,0,0.152585,0.0792362,0.148402,0.215353,0.117037,0.118576,0.11674,0.0203396
846,Dzolokpuita Health Centre,18385,8.2,0.0189365,0.0378729,0.189363,0.151492,0.208264,0.0756801,0.112353,0.140605,0,0.066073
847,Koraso Health Center,12395,15.5,0.11984,0.104858,0.119832,0.059914,0.119824,0.0599102,0.119817,0.0599065,0.119809,0.119804
848,Sappor CHPS,14039,6.6,0.0325273,0.0648066,0.0486037,0.119294,0.084595,0,0.269602,0.0716719,0,0.310874
849,Zono CHPS,488,0.1,1.00213,0,0,0,0,0,0,0,0,0
850,New Winneba CHPS,3125,3.8,0.181978,0,0,0,0,0,0.455397,0.181973,0,0.181978
851,Ehiamankyene (fanteakwa) CHPS,8634,11,0.0292846,0,0.0439274,0.14642,0.0146425,0.151033,0.14379,0.161129,0.186005,0.127094
852,Nchiraa Health Center,11664,11.6,0.0454525,0.060604,0.121204,0.181738,0.163966,0.121281,0.11842,0.0690864,0.0695093,0.0532511
853,Juabo CHPS,7507,16.7,0.0132577,0.132578,0.218928,0.0956038,0.142038,0.0382172,0.0669713,0.153373,0.0844601,0.0632667
