 row no., facName, population, binInc , 1 , 2 , 3 , 4 , 5 , 6 , 7 , 8 , 9 , 10  
1,National Public Health Lab,0, 0, 0, 0, 0, 0, 0, 0, 0, 0, 0, 0
2,Public Health Laboratory Tamale,0, 0, 0, 0, 0, 0, 0, 0, 0, 0, 0, 0
3,Ahmadiyya Muslim Hospital,47901, 64.3, 0.0234282, 0.12833, 0.15001, 0.153854, 0.160347, 0.142987, 0.0794537, 0.0591727, 0.0642411, 0.0456423
4,Akrodie Health Centre,45942, 75, 0.0372083, 0.107935, 0.163862, 0.15198, 0.0842339, 0.0959532, 0.0896108, 0.0971235, 0.10863, 0.0692432
5,Ampenkro Health Centre,61761, 66.9, 0.0211973, 0.0529929, 0.079619, 0.116492, 0.158722, 0.167026, 0.175001, 0.14936, 0.0604687, 0.0255346
6,Asumura Health Centre,25110, 66.6, 0.0521417, 0.0893877, 0.126636, 0.13409, 0.171341, 0.152727, 0.11176, 0.081961, 0.0521588, 0.033532
7,Ayomso Health Centre,19809, 43.6, 0.0519464, 0.113338, 0.141669, 0.141669, 0.155832, 0.0897216, 0.0944453, 0.0802781, 0.085, 0.0519466
8,Church of Pentecost Clinic,18947, 44.1, 0.0296129, 0.0642652, 0.0921195, 0.137481, 0.120998, 0.123053, 0.122903, 0.114069, 0.0911712, 0.10963
9,Fawohoyeden Health Centre,2139, 13, 0.0437363, 0.0437363, 0.0874711, 0.218684, 0.174946, 0.174945, 0, 0.131209, 0, 0.131209
10,Goaso Municipal Hospital,10212, 20.6, 0.00915963, 0.0362174, 0.0849628, 0.16167, 0.154381, 0.0911667, 0.140995, 0.112201, 0.154091, 0.0579879
11,Mim Health Centre,93, 0.1, 1.0056, 0, 0, 0, 0, 0, 0, 0, 0, 0
12,Asunafo South District Hospital,47474, 61.1, 0.0694243, 0.173103, 0.185875, 0.148172, 0.166695, 0.0886662, 0.0505741, 0.0421652, 0.0505599, 0.0311517
13,Sankore Health Centre,88285, 41.8, 0.0148718, 0.077663, 0.120857, 0.152101, 0.207212, 0.232917, 0.114867, 0.0590848, 0.0163419, 0.00982354
14,Gyedu Health Centre,77285, 61.6, 0.125338, 0.206731, 0.198026, 0.189036, 0.0762137, 0.0774519, 0.0593111, 0.0405881, 0.0188584, 0.0146676
15,Kenyasi Health Centre,8448, 28.6, 0.0191758, 0.220523, 0.210935, 0.105469, 0.0671166, 0.0671168, 0.105469, 0.0767046, 0.0862928, 0.047939
16,Acherensua Health Centre,90308, 64.3, 0.075954, 0.155114, 0.113805, 0.140607, 0.158468, 0.157094, 0.0815636, 0.0570028, 0.0446846, 0.0189841
17,Dadiesoaba Health Centre,25056, 48.3, 0.0390052, 0.114754, 0.146192, 0.110746, 0.130485, 0.103566, 0.0988196, 0.108532, 0.113596, 0.0359138
18,Hwidiem St Elizabeth Hospital,12905, 22.8, 0.0376625, 0.0816027, 0.0761494, 0.0936153, 0.105621, 0.158034, 0.112074, 0.151907, 0.116183, 0.0687545
19,Bomaa District Hospital ,38085, 34.7, 0.0881695, 0.281246, 0.283721, 0.13579, 0.0715221, 0.0512821, 0.0379428, 0.0211494, 0.00526434, 0.0289543
20,Duayaw Nkwanta St John Of God Hospital,58794, 24.9, 0.0386155, 0.104493, 0.172191, 0.176878, 0.197394, 0.186242, 0.0678577, 0.0248849, 0.0174429, 0.0178955
21,Bechem Government Hospital,45082, 35.9, 0.0851349, 0.194145, 0.11766, 0.0892477, 0.0878571, 0.132428, 0.131617, 0.0776276, 0.0625023, 0.0244563
22,Akrofuom Health Centre,81521, 29.4, 0.0481802, 0.105423, 0.10949, 0.120931, 0.156127, 0.172222, 0.123552, 0.0753072, 0.0587145, 0.0331207
23,Asokwa Health Centre,55329, 36.8, 0.0494182, 0.0943643, 0.134521, 0.21699, 0.203776, 0.161612, 0.0671712, 0.0213556, 0.0269217, 0.0252566
24,Fomena Health Centre,58654, 20.7, 0.0594873, 0.0858796, 0.148326, 0.169892, 0.242584, 0.195246, 0.086225, 0.00507881, 0.00331014, 0.00502965
25,New Edubiase Government Hospital,54881, 34.2, 0.0230009, 0.0866974, 0.178702, 0.19993, 0.170533, 0.143369, 0.118208, 0.0583344, 0.0172377, 0.00537731
26,Boamang Health Centre,203734, 27.4, 0.0757842, 0.161545, 0.194252, 0.130737, 0.119218, 0.111578, 0.10017, 0.0852825, 0.0208909, 0.00142337
27,Methodist Faith Healing Hospital,64788, 9.1, 0.0474717, 0.0652846, 0.10089, 0.195837, 0.160253, 0.148451, 0.109617, 0.0967846, 0.0689902, 0.00782258
28,Tepa Government Hospital,49818, 46.5, 0.0887587, 0.186083, 0.148835, 0.137041, 0.149136, 0.104212, 0.0860481, 0.0543422, 0.0261659, 0.0221409
29,Mankranso Government Hospital,101120, 61.6, 0.0903999, 0.320536, 0.222592, 0.147709, 0.103496, 0.0460097, 0.0293429, 0.0210296, 0.0119469, 0.0101035
30,Numereso Health Centre,411285, 17.2, 0.48384, 0.376649, 0.0623851, 0.0254034, 0.0168769, 0.00868961, 0.00386219, 0.00675918, 0.00686249, 0.0088307
31,St. Martin's Catholic Hospital,94108, 47.2, 0.0291784, 0.105595, 0.204243, 0.250643, 0.161141, 0.12298, 0.0567822, 0.0290747, 0.023982, 0.02242
32,Antoakrom Health Centre,46126, 20.1, 0.123344, 0.168631, 0.130032, 0.160003, 0.118341, 0.118149, 0.0771808, 0.0520993, 0.0324346, 0.0224907
33,Konongo - Odumasi Government Hospital,94988, 38.5, 0.0180092, 0.0977566, 0.14603, 0.218574, 0.277558, 0.152509, 0.0594748, 0.0208256, 0.00742977, 0.00619166
34,Presby Hospital - Agogo,73368, 35.2, 0.0233965, 0.0588325, 0.0817654, 0.130121, 0.167823, 0.177589, 0.198142, 0.112769, 0.0328272, 0.024388
35,Juaso District Hospital,43963, 36.1, 0.0294228, 0.0936173, 0.0829207, 0.101629, 0.120302, 0.1866, 0.199764, 0.127059, 0.047713, 0.0160535
36,Mampong Government Hospital,104495, 30.2, 0.0276279, 0.0794477, 0.15044, 0.158569, 0.173761, 0.201729, 0.136406, 0.0342424, 0.023905, 0.0174682
37,Asokore Mampong Health Centre,412304, 13, 0.642614, 0.170815, 0.0806939, 0.0615353, 0.0167689, 0.0100906, 0.00668511, 0.00681032, 0, 0.00420911
38,Kumasi South Hospital,457194, 18, 0.887201, 0.052465, 0.0144749, 0.00780319, 0.00785373, 0.00515827, 0.00550241, 0.00738134, 0.00687735, 0.00543639
39,Ahenema Kokoben Health Centre,3781, 0.1, 1.00016, 0, 0, 0, 0, 0, 0, 0, 0, 0
40,Nyinahin Government Hospital,61100, 59.3, 0.0142115, 0.0568448, 0.119099, 0.26634, 0.23494, 0.118854, 0.0800949, 0.0607132, 0.0362108, 0.0237627
41,Nkawie-Toase Government Hospital,118923, 32.2, 0.0588484, 0.220494, 0.219852, 0.153574, 0.119323, 0.0837668, 0.0716804, 0.051121, 0.0194341, 0.00398258
42,Abuakwa Government Polyclinic,181638, 13, 0.207503, 0.523091, 0.14929, 0.0288462, 0.0276435, 0.0165342, 0.0167238, 0.0162552, 0.00961342, 0.00480662
43,Bekwai Municipal Hospital,86700, 21, 0.035858, 0.12092, 0.214045, 0.235806, 0.192644, 0.100387, 0.0586216, 0.0204657, 0.0151307, 0.00807855
44,Dominase SDA Hospital,27981, 9.5, 0.0138648, 0.0413627, 0.152796, 0.148176, 0.163786, 0.168005, 0.231772, 0.058696, 0.0160798, 0.00741415
45,Kokofu General Hospital,17266, 9.7, 0.0221647, 0.0886004, 0.186486, 0.231293, 0.299483, 0.110671, 0.0209639, 0.0275561, 0.00709942, 0.00729389
46,Asiwa Health Centre,79497, 38.2, 0.00755207, 0.0745828, 0.18727, 0.202851, 0.222114, 0.112031, 0.0735959, 0.0605967, 0.0508453, 0.0113964
47,Kuntanase Government Hospital,40835, 32.8, 0.146398, 0.201997, 0.0986222, 0.0796251, 0.134877, 0.223725, 0.0679768, 0.0219322, 0.00697727, 0.0199256
48,St. Michael's Catholic Hospital Pramso,16864, 7.5, 0.0323102, 0.080776, 0.0969303, 0.193861, 0.242329, 0.12924, 0.0807745, 0.0484655, 0.0646216, 0.0323108
49,Ejisu Government Hospital,77811, 27.7, 0.0992194, 0.207458, 0.192118, 0.172733, 0.155608, 0.111038, 0.023474, 0.0188354, 0.0109875, 0.0109874
50,Ejura Government Hospital,92500, 38.6, 0.0338579, 0.0974185, 0.155269, 0.196126, 0.209323, 0.166499, 0.079506, 0.0483181, 0.00609237, 0.0112545
51,Sekyedumase Government Polyclinic,70865, 27.8, 0.0190874, 0.0602773, 0.0741489, 0.121666, 0.156921, 0.199944, 0.174857, 0.170685, 0.0212779, 0.00654718
52,Juaben Government Hospital,15815, 19.7, 0.069496, 0.223929, 0.26694, 0.232588, 0.0849432, 0.0617773, 0.015444, 0.00772179, 0.0231658, 0.015444
53,Manhyia Government Hospital,354327, 1.2, 0.0333347, 0.0333347, 0.100006, 0.166671, 0.200007, 0.266674, 0.100006, 0, 0.0666706, 0.0333371
54,Suntreso Government Hospital,231104, 1.7, 0.0511094, 0.204439, 0.102221, 0.0511113, 0.153333, 0.101986, 0.102122, 0.144582, 0, 0.0891351
55,Komfo Anokye Teaching Hospital,11811, 0.1, 1.00003, 0, 0, 0, 0, 0, 0, 0, 0, 0
56,Kumasi County Hospital,285234, 9.5, 0.543007, 0.212487, 0.120564, 0.0469018, 0.0227676, 0.0125638, 0.0122091, 0.0131059, 0.0110246, 0.00552879
57,Asonomaso Government Hospital,29351, 3.5, 0.213602, 0.216663, 0.196477, 0.053272, 0.124156, 0.052396, 0.0785929, 0.0261972, 0.0261975, 0.0130986
58,Kwadaso SDA Hospital,94488, 1.1, 0.125006, 0.125006, 0.125004, 0.125004, 0, 0.125006, 0.125004, 0, 0, 0.25001
59,HopeXchange Medical Centre,11810, 0.1, 1.00008, 0, 0, 0, 0, 0, 0, 0, 0, 0
60,Obuasi Government Hospital,123467, 34.5, 0.191279, 0.244286, 0.186276, 0.139976, 0.0787153, 0.0546315, 0.0445518, 0.0302577, 0.0243743, 0.00924636
61,AGA Health Foundation Hospital,240137, 3.7, 0.0975997, 0.319061, 0.161075, 0.147569, 0.0571161, 0.0491905, 0.047641, 0.0154002, 0.0487444, 0.0566412
62,Bryant Mission Hospital,10615, 10.7, 0.0306161, 0.250857, 0.117366, 0.0939513, 0.131954, 0.137286, 0.0676946, 0.0686416, 0.0686445, 0.0343226
63,St. Patrick's Catholic Hospital,84440, 32.6, 0.0719011, 0.146147, 0.135472, 0.161277, 0.127453, 0.133459, 0.0881437, 0.0725774, 0.0436949, 0.0247145
64,Nkenkaasu Government Hospital,50667, 31.5, 0.0286074, 0.0887098, 0.169778, 0.226204, 0.218052, 0.103943, 0.0454058, 0.0581185, 0.0487808, 0.022048
65,KNUST Hospital,129926, 0.6, 0.0909119, 0, 0, 0.0909136, 0, 0.181824, 0.363651, 0, 0.181824, 0.0909102
66,Oforikrom (Kumasi) Clinic,35433, 0.3, 0.333356, 0, 0, 0, 0, 0, 0, 0, 0, 0.666706
67,Tafo Government Hospital,84377, 3.5, 0.417346, 0.37183, 0.156283, 0.00911337, 0.0091132, 0.00455651, 0.00911294, 0.00911277, 0.0091126, 0.00455617
68,Trinity Hospital,77042, 6.6, 0.820032, 0.0491646, 0.0249519, 0.0249512, 0.0249504, 0.0149699, 0.0149696, 0.00998186, 0.00498976, 0.0112758
69,Dawia Health Centre,95082, 42.2, 0.0131974, 0.037351, 0.0690236, 0.133809, 0.236384, 0.304782, 0.140833, 0.0426528, 0.0236432, 0.013179
70,Kwamang Health Centre,18296, 24.5, 0.0280349, 0.067877, 0.115239, 0.140448, 0.135871, 0.116028, 0.12644, 0.123858, 0.113116, 0.0432373
71,Effiduase Government Hospital,17373, 24.6, 0.063259, 0.0913723, 0.218223, 0.199392, 0.213153, 0.0759891, 0.0632629, 0.035147, 0.0210887, 0.021089
72,Kumawu Government Polyclinic,20045, 28.4, 0.0200097, 0.0498627, 0.131636, 0.172104, 0.165221, 0.122522, 0.107202, 0.134202, 0.0780253, 0.0267748
73,Agona  Government Hospital,56981, 13.4, 0.0270038, 0.0742601, 0.128246, 0.155037, 0.167977, 0.154207, 0.137213, 0.105066, 0.0264125, 0.0262067
74,Asamang SDA Hospital,10633, 8.4, 0.0304491, 0, 0.0625455, 0.0355708, 0.124945, 0.171532, 0.163802, 0.195954, 0.108539, 0.108427
75,BREMANG SDA HOSPITAL,58586, 6.9, 0.778747, 0.0381976, 0.0262499, 0.0265741, 0.0254111, 0.0250176, 0.0177557, 0.0190768, 0.0208113, 0.0224096
76,Banda  Ahenkro Health Centre,56759, 50.2, 0.0278114, 0.0928805, 0.171592, 0.236162, 0.268951, 0.137565, 0.0508068, 0.0334484, 0.00474376, 0.00221586
77,Holy Family (Berekum) Hospital,112900, 62.4, 0.181991, 0.32, 0.309361, 0.0743239, 0.0340524, 0.0253909, 0.0201108, 0.0181745, 0.0150719, 0.00573745
78,St. Alban's Health Center,70394, 22, 0.026377, 0.0896818, 0.137159, 0.150248, 0.142403, 0.127141, 0.117081, 0.117125, 0.0725628, 0.0240811
79,Dormaa Akwamu Health Centre,83339, 57, 0.122063, 0.274412, 0.16757, 0.0840687, 0.0634655, 0.0671076, 0.0657123, 0.0738024, 0.0596335, 0.0274608
80,Dormaa East District Hospital,1197, 4.6, 0.111825, 0, 0, 0.111822, 0.223647, 0.223653, 0, 0, 0.111822, 0.223651
81,Dormaa Presby Hosp,75110, 49.7, 0.107012, 0.267676, 0.235471, 0.139141, 0.0507528, 0.0570824, 0.049434, 0.0356834, 0.0356851, 0.0263765
82,Dormaa West District Hospital,43410, 45.1, 0.0268261, 0.0657922, 0.0978529, 0.15496, 0.145688, 0.159239, 0.130882, 0.0976769, 0.0859174, 0.0401311
83,Sampa Government Hospital,82561, 27.9, 0.0346028, 0.123016, 0.164908, 0.16111, 0.126515, 0.135959, 0.11592, 0.0846262, 0.0483553, 0.00866293
84,Suma Presby Health Centre,34896, 23.1, 0.0537315, 0.100693, 0.110089, 0.111096, 0.124346, 0.113425, 0.118005, 0.118198, 0.125349, 0.0284657
85,Drobo St Mary Hospital,86086, 22.8, 0.0191156, 0.0706479, 0.111327, 0.160878, 0.144504, 0.14703, 0.136709, 0.137198, 0.0622289, 0.0146992
86,Brong Ahafo Regional Hospital,89308, 43.7, 0.124583, 0.232298, 0.265022, 0.180905, 0.0965708, 0.0482106, 0.0238069, 0.0160568, 0.00963934, 0.00543917
87,Sunyani Municipal Hosp,3404, 10.3, 0.161749, 0.119389, 0.0599519, 0.179861, 0.0599543, 0.119911, 0.119913, 0.059958, 0.0599591, 0.0599603
88,Chiraa Government Hospital,54422, 23.8, 0.0599872, 0.166073, 0.2598, 0.19144, 0.121109, 0.049297, 0.0557999, 0.0489103, 0.033098, 0.0182736
89,Fiapre Health Center,15876, 15.6, 0.0547502, 0.130026, 0.109494, 0.130021, 0.164234, 0.10948, 0.0821066, 0.0889457, 0.0752595, 0.0615746
90,Kwatire Government Hospital,19345, 13.4, 0.143252, 0.13175, 0.120314, 0.172152, 0.124657, 0.100871, 0.0902379, 0.0530931, 0.0336897, 0.0336887
91,Nsoatre Health Center,41535, 44.8, 0.136073, 0.385413, 0.270055, 0.12356, 0.0374505, 0.0140892, 0.0112194, 0.00758051, 0.00806579, 0.0116951
92,Seikwa Health Center,58771, 29.3, 0.0121754, 0.0390626, 0.0643153, 0.165883, 0.268997, 0.277864, 0.0926749, 0.0547839, 0.024344, 0.0141998
93,Tain District Hospital,33563, 22.1, 0.0368897, 0.105487, 0.189236, 0.204321, 0.163789, 0.15902, 0.0905616, 0.0319423, 0.0154105, 0.00888441
94,Methodist Hospital - Wenchi,83952, 29.3, 0.0274363, 0.0961394, 0.169213, 0.234727, 0.164679, 0.0970033, 0.0852166, 0.0712676, 0.0428587, 0.0188137
95,Wenchi Health Centre,88, 0.1, 1.00448, 0, 0, 0, 0, 0, 0, 0, 0, 0
96,Akokoa Health Center,62704, 37.5, 0.0357026, 0.0970371, 0.138788, 0.195131, 0.192608, 0.14586, 0.108021, 0.0595543, 0.0260938, 0.00980974
97,Amanten Health Center,17970, 16.4, 0.025558, 0.0670893, 0.127076, 0.119399, 0.141106, 0.145172, 0.150675, 0.123383, 0.0727434, 0.0332525
98,Atebubu Hospital,50029, 38.1, 0.0367031, 0.136488, 0.235127, 0.293273, 0.222099, 0.0636946, 0.0103266, 0.00459008, 0.00258711, 0.00189155
99,Kintampo Municipal Hospital,75578, 51.6, 0.0318363, 0.120221, 0.143382, 0.149929, 0.120765, 0.14135, 0.113481, 0.086144, 0.0834685, 0.0242717
100,Seth Owusu Agyei Medical Lab   KHRC,23, 0.1, 1.01052, 0, 0, 0, 0, 0, 0, 0, 0, 0
101,Amoma Health Center,28498, 15.9, 0.0136428, 0.0409283, 0.0646266, 0.103704, 0.164128, 0.226612, 0.182148, 0.130196, 0.0606349, 0.0186189
102,Anyima Health Center,31330, 27.5, 0.037219, 0.108112, 0.169248, 0.16254, 0.168123, 0.157242, 0.123554, 0.0304174, 0.0404382, 0.0106196
103,Kintampo South District Hospital,20898, 23, 0.0292277, 0.116911, 0.164738, 0.191309, 0.148799, 0.134616, 0.0937086, 0.069091, 0.0371994, 0.0239132
104,Busunya Polyclinic,17113, 18.6, 0.0435751, 0.1162, 0.185194, 0.206982, 0.134352, 0.127084, 0.0979668, 0.0574028, 0.0209512, 0.0130436
105,Dromankese Health Centre,58154, 29.1, 0.0256442, 0.0769327, 0.0886854, 0.111123, 0.13135, 0.148292, 0.161058, 0.146034, 0.0811675, 0.0334228
106,Yefri Health Centre,12256, 11.9, 0.0202808, 0.0557728, 0.101405, 0.131827, 0.16732, 0.126755, 0.127939, 0.142412, 0.0775133, 0.0514089
107,Africa Libera Health Centre,14090, 18.5, 0.0615116, 0.118809, 0.194436, 0.19358, 0.210347, 0.0696261, 0.0552214, 0.0451848, 0.0387188, 0.0178451
108,Bonsu Health Centre (Nkoranza South),33387, 15.1, 0.0304696, 0.099328, 0.150682, 0.178437, 0.12093, 0.139282, 0.116931, 0.0812724, 0.050716, 0.0357218
109,Donkro Nkwanta Health Centre,28492, 15.5, 0.0308967, 0.0750348, 0.105933, 0.185377, 0.238347, 0.145663, 0.0750398, 0.061799, 0.0529713, 0.0349792
110,Nkoranza Health Centre,3702, 5.9, 0.0339597, 0.0678254, 0.0679208, 0.150899, 0.187828, 0.107213, 0.25419, 0.101885, 0.0167883, 0.0167879
111,Nkwabeng Health Centre,10375, 8.4, 0.0242385, 0.0727154, 0.121193, 0.13331, 0.181789, 0.181796, 0.109081, 0.109084, 0.0363618, 0.0363622
112,St Theresa Hospital-Nkoranza,623, 6.3, 0.201792, 0, 0.186672, 0, 0.116068, 0.0998198, 0.0997639, 0.0997615, 0.0997596, 0.0997575
113,Mathias Hospital Yeji,42614, 64.8, 0.270565, 0.303779, 0.155185, 0.0762279, 0.0670214, 0.0503123, 0.0481268, 0.0104579, 0.0165786, 0.00796027
114,Our Lady of Fatima Health Care,105495, 61.3, 0.0509633, 0.138872, 0.225985, 0.205682, 0.152976, 0.0766599, 0.0608157, 0.0542925, 0.0344938, 0.00851991
115,Prang Health Centre,104136, 62.6, 0.057356, 0.163269, 0.20009, 0.146524, 0.148515, 0.12634, 0.0903578, 0.0427858, 0.02641, 0.0068045
116,Bassa Health Centre,53614, 58.4, 0.0424399, 0.121016, 0.142758, 0.124288, 0.153777, 0.174, 0.122587, 0.0917019, 0.0446309, 0.0078431
117,Kajaji Health Centre,9925, 36.4, 0.061287, 0.122571, 0.212807, 0.175718, 0.105036, 0.105975, 0.100132, 0.0814044, 0.0412064, 0.0196852
118,Kojokrom (Sene) Health Centre,12059, 65, 0.0832421, 0.0747778, 0.0491161, 0.0577896, 0.186145, 0.16705, 0.140889, 0.188147, 0.0655389, 0.0177675
119,Sene District Hospital,44662, 42.2, 0.0257294, 0.0792053, 0.14191, 0.221186, 0.174213, 0.110498, 0.0932051, 0.0774592, 0.0697167, 0.0273937
120,Abrefi Women and Children Hospital,30624, 11.6, 0.0365004, 0.0656998, 0.1168, 0.170207, 0.15889, 0.168236, 0.15307, 0.0783659, 0.0439449, 0.0113974
121,Ahmadiyyah (Techiman) Mission Hospital,40313, 11, 0.016633, 0.0609877, 0.127517, 0.194041, 0.133061, 0.133018, 0.116231, 0.0936013, 0.071732, 0.0554363
122,Nsuta Health Centre,47359, 11.9, 0.0188803, 0.05664, 0.0896812, 0.12272, 0.158134, 0.180423, 0.15696, 0.117267, 0.0730783, 0.0288251
123,Oforikrom (Techiman) Health Centre,20226, 10.1, 0.0442007, 0.0994518, 0.121554, 0.198905, 0.172832, 0.117707, 0.0881776, 0.0609983, 0.0549968, 0.0435502
124,Opoku Agyeman Hospital,6467, 8, 0.0691254, 0.0691267, 0.138254, 0.138255, 0.138257, 0.138258, 0.10369, 0.0691261, 0.10369, 0.0345627
125,Tanoso (Techiman) Health Centre,14194, 10.7, 0.0472523, 0.110257, 0.157512, 0.140955, 0.174128, 0.177228, 0.133002, 0.0301158, 0.0166305, 0.0163345
126,Techiman Holy Family Hospital,2175, 5.6, 0.0285772, 0.0857305, 0.0887217, 0.142883, 0.0857299, 0.114305, 0.114305, 0.085725, 0.171453, 0.0857232
127,Aworowa Health Centre,14967, 12.8, 0.0154929, 0.0580981, 0.0852104, 0.12313, 0.125313, 0.0917827, 0.111034, 0.147213, 0.140345, 0.113756
128,Buoyem Health Centre,32780, 11, 0.0204512, 0.054537, 0.122709, 0.122707, 0.12952, 0.136334, 0.1227, 0.136332, 0.115847, 0.0408969
129,Krobo Memorial Health Centre,13552, 18.1, 0.0214665, 0.156723, 0.237518, 0.124198, 0.0777883, 0.0640664, 0.0735215, 0.0956173, 0.0906412, 0.0630104
130,Offuman Health Centre,6807, 11.2, 0.0418278, 0.0847472, 0.103778, 0.155915, 0.115029, 0.125484, 0.104569, 0.0836556, 0.0836556, 0.104569
131,Tuobodom Health Centre,24035, 15.1, 0.0261593, 0.094174, 0.16742, 0.156073, 0.112446, 0.135898, 0.110076, 0.0935855, 0.072153, 0.0375561
132,Abakrampa Health Centre,94863, 12.8, 0.0507285, 0.196812, 0.137541, 0.18975, 0.117688, 0.0876202, 0.0705161, 0.0550584, 0.0823557, 0.0131025
133,Abura Dunkwa District Hospital,51587, 35, 0.32914, 0.379775, 0.161028, 0.0461876, 0.0138704, 0.0231165, 0.0138697, 0.0115579, 0.00924619, 0.0138686
134,Asuansi Rural Clinic,20029, 13.4, 0.114297, 0.24764, 0.218398, 0.20025, 0.122672, 0.0582378, 0.0168378, 0.0119089, 0, 0.0119086
135,Moree Health Centre,7750, 20.4, 0.0441956, 0, 0, 0.159959, 0.0532434, 0.229756, 0.0113503, 0.157269, 0.222896, 0.122293
136,Asafo Health Centre,48269, 13, 0.0286109, 0.168501, 0.18217, 0.169489, 0.113448, 0.0942592, 0.061159, 0.0733911, 0.073392, 0.0366965
137,Kwanyako Health Centre,18688, 5.7, 0.0179689, 0.0587009, 0.161958, 0.0660397, 0.109228, 0.136208, 0.125778, 0.143744, 0.108195, 0.0742073
138,Mankrong Health Centre,37616, 8.1, 0.0178519, 0.0535595, 0.0949966, 0.173911, 0.244022, 0.180746, 0.0757709, 0.0535552, 0.044629, 0.0624805
139,Mensakrom Health Centre,26603, 7.5, 0.0127708, 0.066802, 0.0985691, 0.140063, 0.262091, 0.13917, 0.111276, 0.0699769, 0.0378648, 0.0631059
140,Nsaba Health Centre,48458, 19, 0.0696637, 0.241698, 0.24136, 0.193887, 0.124599, 0.0344031, 0.0320693, 0.0364287, 0.00594478, 0.0213679
141,Abodom Health Centre,36187, 7.7, 0.010565, 0.0576217, 0.128314, 0.0983773, 0.157816, 0.16619, 0.157247, 0.0881428, 0.073539, 0.0631726
142,Ahamadiyya Hospital,5030, 2.5, 0.0839532, 0, 0.148122, 0.146317, 0.066766, 0.221506, 0.134726, 0.0667622, 0.0671367, 0.0667611
143,Armah CHPS,16217, 4.6, 0.0263369, 0.0263369, 0.0526734, 0.0526746, 0.131683, 0.131413, 0.157853, 0.158024, 0.131689, 0.131687
144,Bobikuma Health Centre,18972, 8.3, 0.0550042, 0.0912591, 0.111885, 0.155527, 0.187626, 0.115681, 0.11029, 0.0516753, 0.0788514, 0.0442476
145,Nana Khadija CHPS,24658, 7.8, 0.0519691, 0.175009, 0.212929, 0.190738, 0.15824, 0.10214, 0.0288531, 0.0230615, 0.0230618, 0.0345934
146,Nkum Health Centre,27118, 10.2, 0.0629962, 0.141742, 0.251714, 0.110179, 0.0937835, 0.0926927, 0.0772608, 0.0786059, 0.0627412, 0.02868
147,Nyakrom Health Centre,2562, 2.7, 0.166705, 0, 0, 0.166705, 0, 0, 0.166703, 0.333408, 0, 0.1667
148,Swedru Government Hospital,872, 0.9, 0.48986, 0, 0, 0, 0, 0, 0, 0, 0, 0.510752
149,Pokukrom Health Centre,74986, 30.1, 0.0866679, 0.130023, 0.168539, 0.203567, 0.202401, 0.116964, 0.0429462, 0.0164399, 0.0185273, 0.0187846
150,Abaasa Health Centre,31937, 6.9, 0.0218164, 0.0436328, 0.0654492, 0.131925, 0.0985666, 0.154039, 0.18081, 0.142251, 0.119137, 0.043636
151,Ajumako District Hospital,31225, 9.5, 0.0446239, 0.100404, 0.290048, 0.122706, 0.122462, 0.0981869, 0.111025, 0.055779, 0.0223117, 0.0334657
152,Baa Salvation Army Clinic,21591, 7.7, 0.0322647, 0.0483865, 0.177415, 0.142248, 0.121603, 0.114057, 0.113619, 0.155975, 0.0492499, 0.0466571
153,Bisease Polyclinic,35263, 11.2, 0.0395112, 0.158045, 0.0984545, 0.104641, 0.119163, 0.112758, 0.100652, 0.101028, 0.0842185, 0.083078
154,Nkwantanum Health Centre,9396, 6.9, 0.0370742, 0.111224, 0.111225, 0.111226, 0.148301, 0.111225, 0.0741501, 0.1483, 0.111224, 0.0370742
155,Sonkwaa Polyclinic,39383, 11, 0.036547, 0.0931699, 0.179939, 0.183594, 0.195813, 0.121785, 0.0833469, 0.057287, 0.0194758, 0.0301877
156,Anhwiam CHPS,35716, 15.9, 0.0188, 0.0986999, 0.122871, 0.135125, 0.147478, 0.165846, 0.106583, 0.0912745, 0.0876965, 0.029448
157,Brakwa Health Centre,48257, 16.6, 0.0278257, 0.0869554, 0.150494, 0.201112, 0.198661, 0.170045, 0.0907629, 0.0461984, 0.0211785, 0.0105892
158,Jamra CHPS,19054, 10.3, 0.0176202, 0.114532, 0.158584, 0.185015, 0.149775, 0.123344, 0.0704828, 0.0704823, 0.0440521, 0.0712617
159,Jamra Polyclinic,167, 0.1, 1.0052, 0, 0, 0, 0, 0, 0, 0, 0, 0
160,Kuntanase CHPS,16239, 8.7, 0.0310129, 0.0723635, 0.124052, 0.103376, 0.23743, 0.198653, 0.113711, 0.0827001, 0.0310111, 0.0103359
161,Odoben Health Centre,11976, 12.5, 0.0711927, 0.179946, 0.204985, 0.0932333, 0.0958793, 0.0810119, 0.07842, 0.0823583, 0.0659801, 0.0502625
162,Our Lady Of Grace Hospital,16032, 10.4, 0.0209437, 0.0942462, 0.157078, 0.146608, 0.167554, 0.178029, 0.0733066, 0.0733056, 0.0628333, 0.0314177
163,Assin Awisem Health Centre,49274, 24.1, 0.0408399, 0.119789, 0.207099, 0.160506, 0.126601, 0.124123, 0.101812, 0.0730194, 0.0280334, 0.0212549
164,Assin Foso Health Centre,19197, 12.6, 0.0288231, 0.0761843, 0.123329, 0.134275, 0.136511, 0.157889, 0.134045, 0.0768517, 0.124883, 0.00960679
165,St Francis Xavier Hospital,34330, 32, 0.107429, 0.258008, 0.246799, 0.141834, 0.0707557, 0.0489436, 0.0382013, 0.0451498, 0.0243123, 0.0208394
166,Assin Akonfudi Polyclinic,51372, 17.3, 0.0358939, 0.0825555, 0.137792, 0.156481, 0.141506, 0.135222, 0.153693, 0.0638278, 0.0557885, 0.0395027
167,Assin Bereku Health Centre,15195, 12.4, 0.0485371, 0.15774, 0.225355, 0.158245, 0.137993, 0.172146, 0.0255666, 0.0447399, 0.0127826, 0.0191739
168,Assin Kushea Health Centre,31434, 17.6, 0.050432, 0.118463, 0.189343, 0.2016, 0.142981, 0.0747377, 0.0836939, 0.0589787, 0.0469343, 0.0352014
169,Assin Praso Presby Hospital,14083, 10.9, 0.0175752, 0.100266, 0.110363, 0.152311, 0.129727, 0.139762, 0.151712, 0.131022, 0.0482706, 0.0206871
170,Bediadua Health Centre,15112, 15.8, 0.0122027, 0.0365587, 0.109099, 0.215046, 0.191844, 0.116158, 0.179862, 0.0776091, 0.0365004, 0.0279336
171,Anyinabrim Health Centre,19253, 22.2, 0.111456, 0.24304, 0.263517, 0.136233, 0.105273, 0.0495414, 0.0433483, 0.0185785, 0.0185787, 0.0123863
172,Jakai Health Centre,20961, 29.8, 0.14594, 0.230415, 0.256011, 0.170671, 0.0910216, 0.0455108, 0.017066, 0.0227549, 0.0113775, 0.0113775
173,Manso Health Centre,28554, 18, 0.0334718, 0.117799, 0.21298, 0.243275, 0.152622, 0.152609, 0.0561376, 0.0125272, 0.0125272, 0.00835154
174,Nsuta Presby Clinic,4046, 7.7, 0.0589279, 0.117856, 0.0883899, 0.17678, 0.176779, 0.147315, 0.0589252, 0.0589279, 0.0589279, 0.0589279
175,Nyankumasi Ahenkro Health Centre,11493, 6.7, 0.0343062, 0.0534085, 0.185364, 0.104045, 0.137438, 0.189252, 0.117084, 0.0820672, 0.0350866, 0.0633877
176,Ongwa Health Centre,44659, 33.2, 0.0434276, 0.192708, 0.232942, 0.250455, 0.130096, 0.0601931, 0.0373762, 0.0293683, 0.0133496, 0.0133498
177,Awutu Health Centre,33769, 15.9, 0.0202887, 0.0197518, 0.0998909, 0.21084, 0.173548, 0.179182, 0.069938, 0.0699524, 0.0699404, 0.0874263
178,Bawjiase Polyclinic,93837, 9.2, 0.0145982, 0.0510939, 0.0875894, 0.130284, 0.13121, 0.108363, 0.124613, 0.164474, 0.0699555, 0.118926
179,Bontrase Health Centre,50392, 8.5, 0.0271876, 0.0407812, 0.120768, 0.097147, 0.17408, 0.0917688, 0.135941, 0.163132, 0.0951572, 0.0543857
180,Senya Health Centre,13676, 25.3, 0.0431071, 0.0431801, 0.0777947, 0.293504, 0.157871, 0.0863615, 0.120081, 0.0160957, 0.0850659, 0.0780416
181,Kasoa Polyclinic,199348, 25.6, 0.215903, 0.343375, 0.267176, 0.0763935, 0.016081, 0.0378721, 0.0136232, 0.0157154, 0.0074148, 0.00681243
182,Mother and Child Hospital,693, 0.1, 1.00028, 0, 0, 0, 0, 0, 0, 0, 0, 0
183,Adisadel Urban Health Centre,30236, 23.5, 0, 0.0661135, 0.201383, 0.19439, 0.111186, 0.19255, 0.0671119, 0.0623545, 0.0926853, 0.0124443
184,Cape Coast Metropolitan Hospital,0, 0, 0, 0, 0, 0, 0, 0, 0, 0, 0, 0
185,Cape Coast Teaching Hospital,32630, 22.8, 0.391024, 0.123604, 0.0656148, 0.226376, 0, 0.107992, 0.030308, 0, 0.0430279, 0.0123236
186,C-Poly Clinic,65459, 16.1, 0.544916, 0.144072, 0.141868, 0.0615516, 0.0389655, 0.031654, 0.0189924, 0.00633092, 0.00633092, 0.005955
187,Essuakyir CHPS,11733, 4.1, 0.48074, 0.189082, 0.036474, 0.0907614, 0.0421879, 0.0325245, 0, 0.0652053, 0, 0.0635634
188,Ewim Polyclinic,5261, 8.5, 0.358904, 0, 0, 0, 0, 0, 0, 0, 0.247248, 0.394336
189,University Hospital,2141, 0.1, 1.00022, 0, 0, 0, 0, 0, 0, 0, 0, 0
190,Ansaful CHPS,63783, 25.5, 0.161187, 0.239546, 0.177764, 0.129217, 0.0658278, 0.101198, 0.0516672, 0.0207739, 0.0331767, 0.0204659
191,Gyangyanadze CHPS,55540, 19.4, 0.052177, 0.104354, 0.127805, 0.155346, 0.173002, 0.156159, 0.141034, 0.0599198, 0.0168573, 0.0141395
192,Trauma & Specialist Hospital,25977, 21.5, 0.472993, 0.0743288, 0.148725, 0.0710625, 0.134136, 0.0226138, 0.0166957, 0.0406571, 0.0117722, 0.00743171
193,Winneba Health Centre,966, 0.1, 1.00002, 0, 0, 0, 0, 0, 0, 0, 0, 0
194,Winneba Municipal Hospital,3510, 17.7, 0.264096, 0, 0, 0.16103, 0.443408, 0, 0.131943, 0, 0, 0.000532441
195,Essuehyia Health Centre,87807, 29.5, 0.117151, 0.253429, 0.303916, 0.121786, 0.0518923, 0.0188767, 0.0419514, 0.0261717, 0.031087, 0.0348357
196,Otuam Health Centre,5739, 17.5, 0.0591943, 0, 0.123549, 0.0722032, 0.13194, 0.25506, 0.237801, 0, 0.0656426, 0.0558006
197,Abasa CHPS,46780, 13.4, 0.0628018, 0.188172, 0.257371, 0.17135, 0.0939656, 0.0883534, 0.0504879, 0.0504887, 0, 0.0378663
198,Aboso CHPS,106444, 22.8, 0.0216708, 0.131162, 0.199432, 0.0568842, 0.115102, 0.142, 0.133055, 0.0724707, 0.0872141, 0.0411274
199,Dahom CHPS,19921, 7.5, 0.0305742, 0.0613671, 0.197121, 0.190579, 0.164632, 0.114177, 0.057091, 0.0570922, 0.0570929, 0.071367
200,Ekwamkrom CHPS,6729, 3.1, 0.0818174, 0, 0.0877434, 0.254062, 0.0877434, 0.0877446, 0.338732, 0, 0, 0.0631343
201,Obuasi Health Centre,9837, 3.8, 0.0471543, 0.103929, 0.0884215, 0.12149, 0.0694193, 0.0868478, 0.150375, 0.201196, 0.0289141, 0.103192
202,Dasum CHPS,27341, 7.8, 0.0437857, 0.115763, 0.143156, 0.179164, 0.0900114, 0.181422, 0.0439164, 0.154937, 0.0247842, 0.0237012
203,Nyanyano Health Centre,3282, 13, 0.178757, 0, 0, 0.179906, 0, 0.116495, 0.321394, 0, 0.0712287, 0.133476
204,Ojobi  Health Centre,23632, 13.6, 0.0249853, 0.0250467, 0.0501015, 0.125949, 0.075141, 0.174898, 0.224869, 0.0499709, 0.174899, 0.0749581
205,St Gregory Catholic Hospital,9292, 5.6, 0.0635393, 0, 0, 0.127078, 0.0635374, 0.127453, 0, 0.127081, 0.352997, 0.138901
206,Brofo Health Centre,35016, 8.8, 0.00812095, 0.0649676, 0.0974522, 0.138575, 0.166297, 0.142669, 0.149525, 0.119076, 0.0659693, 0.0487269
207,Dago Health Centre,11886, 24.3, 0.0281725, 0, 0.127114, 0.60149, 0.0477331, 0.0662464, 0.0461066, 0.023928, 0.0436197, 0.0168809
208,Dawurampong Polyclinic,10792, 6.7, 0.0526922, 0.0526926, 0.158078, 0.158077, 0.105387, 0.158083, 0.105391, 0.105391, 0.0526961, 0.0526965
209,Oguaa Health Centre,12212, 5.2, 0.0232831, 0.0465666, 0.0931329, 0.0698504, 0.139698, 0.186266, 0.139698, 0.116415, 0.11641, 0.0698452
210,Osedzie Health Centre,3976, 3.6, 0.0715093, 0.0715093, 0.0715104, 0.0715104, 0.214526, 0, 0.0715082, 0.143014, 0.143013, 0.143012
211,St Luke Catholic Hospital Apam,3881, 16.3, 0.0578634, 0, 0.050027, 0.171502, 0.173386, 0.146557, 0.203382, 0, 0.0566275, 0.142489
212,Agona Health Centre,175262, 47.2, 0.244936, 0.403705, 0.112826, 0.107449, 0.0679797, 0.0338154, 0.0174384, 0.010583, 0.00415115, 0.000443401
213,Ankaful Gen Leprosy Hospital,93777, 24.8, 0.118299, 0.409785, 0.368285, 0.0117779, 0.0158352, 0.02349, 0.00986811, 0.024125, 0.015821, 0.00364265
214,Brenu Akyinim CHPS,5823, 20.9, 0, 0.0206536, 0.053492, 0.172338, 0.226279, 0.153471, 0.063529, 0.234109, 0.0342123, 0.0438335
215,Elmina Polyclinic,184, 0.1, 1.00174, 0, 0, 0, 0, 0, 0, 0, 0, 0
216,Kissi Health Centre,57754, 24.1, 0.0960783, 0.204962, 0.352277, 0.151076, 0.0639256, 0.0241413, 0.0100057, 0.0586346, 0, 0.0412854
217,Komenda Health Centre,1849, 9.8, 0.188513, 0, 0, 0.198928, 0.200078, 0.0960446, 0, 0, 0.107914, 0.210831
218,Abandze Health Centre,5299, 16.5, 0.0698764, 0, 0.151329, 0.0630209, 0.0608299, 0.136019, 0.1564, 0.156401, 0.131259, 0.0763929
219,Anomabo Health Centre,4438, 14.1, 0.0931837, 0, 0, 0.0587915, 0, 0.127911, 0.137464, 0.186748, 0.330394, 0.0667298
220,Biriwa Health Centre,2176, 10.6, 0.0757133, 0, 0, 0.188754, 0, 0.159742, 0.398469, 0, 0, 0.179426
221,Biriwa Polyclinic,100, 0.1, 1.00734, 0, 0, 0, 0, 0, 0, 0, 0, 0
222,Dominase Health Centre,17024, 8, 0.0243356, 0.0730069, 0.170204, 0.192257, 0.12157, 0.120662, 0.0939877, 0.0690281, 0.0687184, 0.0673262
223,Mankessim Health Centre,36077, 26.3, 0.270974, 0.406857, 0.239902, 0.0229717, 0, 0.022972, 0, 0.0103747, 0.0101716, 0.0169074
224,Mercy Women Catholic Hospital,43394, 25.3, 0.124133, 0.190309, 0.235661, 0.160811, 0.142176, 0.0286479, 0.0275556, 0.0355665, 0.0343977, 0.0217096
225,Saltpond Municipal Hospital,2785, 12.7, 0.148792, 0, 0.160537, 0, 0, 0.54303, 0, 0, 0, 0.148793
226,Morkwa Health Centre,38026, 25.5, 0.0424327, 0.118366, 0.166231, 0.164583, 0.149671, 0.116124, 0.0847914, 0.0767523, 0.0452765, 0.045785
227,Twifo Ati Morkwa District Hospital,14337, 11.5, 0.0177728, 0.0236969, 0.0710902, 0.088863, 0.130333, 0.142182, 0.159957, 0.183419, 0.142995, 0.050399
228,Frami Health Centre,25840, 31.6, 0.0920839, 0.252399, 0.150604, 0.0867058, 0.11901, 0.124942, 0.0624461, 0.0553427, 0.0369179, 0.0276878
229,Hemang Health Centre,32928, 22.5, 0.0361191, 0.103198, 0.167697, 0.184038, 0.205555, 0.135028, 0.104315, 0.0408149, 0.0216724, 0.0108635
230,Jukwa Health Centre,33137, 6.1, 0.0025647, 0.00779753, 0.0246776, 0.0377816, 0.135152, 0.102446, 0.219595, 0.121411, 0.258503, 0.0913986
231,Dunkwa Municipal Hospital,48551, 30.6, 0.0864977, 0.0919783, 0.128564, 0.171088, 0.181627, 0.128777, 0.104387, 0.0562878, 0.0347476, 0.0214014
232,Kyekyewere Health Centre,51557, 23.3, 0.0123839, 0.0744908, 0.122902, 0.235069, 0.250807, 0.125308, 0.0806494, 0.0448478, 0.0265117, 0.0304785
233,St Mark Hospital,4814, 12.1, 0.066303, 0.103557, 0.0331518, 0.0663024, 0.066303, 0.163841, 0.125776, 0.139369, 0.106982, 0.132745
234,Diaso Health Centre,15473, 24.7, 0.0165158, 0.0412855, 0.0778045, 0.0811309, 0.185575, 0.189247, 0.147975, 0.106252, 0.0924339, 0.0685128
235,Pentecost Hospital,87342, 52.6, 0.114224, 0.100784, 0.126583, 0.128378, 0.116166, 0.120683, 0.134524, 0.0880688, 0.049861, 0.0311048
236,SDA Clinic,100624, 39.7, 0.0558228, 0.12986, 0.175844, 0.150237, 0.13501, 0.134227, 0.0975442, 0.0763653, 0.0364752, 0.0111854
237,Subin Health Centre,94665, 40.2, 0.0248279, 0.0914635, 0.173174, 0.212438, 0.210555, 0.118217, 0.0881912, 0.0518317, 0.0223504, 0.0122482
238,Hawa Memorial Saviour Hospital,33620, 23.9, 0.00865334, 0.05192, 0.138453, 0.0865349, 0.103843, 0.103842, 0.103241, 0.129808, 0.121156, 0.155773
239,New Tafo Government Hospital,37319, 22.9, 0.116939, 0.218048, 0.182546, 0.127625, 0.0813404, 0.0860417, 0.0771955, 0.0556306, 0.0301538, 0.0274289
240,Kibi Government Hospital,64874, 39, 0.0224255, 0.0852156, 0.148006, 0.179399, 0.237702, 0.142771, 0.088547, 0.0313996, 0.035886, 0.031401
241,Achiase Health Centre,32642, 16.5, 0.0704387, 0.204579, 0.228451, 0.248051, 0.195675, 0.0234818, 0.00782723, 0.00782723, 0.00782723, 0.00782723
242,Akenkensu CHPS,57429, 14.5, 0.0266921, 0.0756276, 0.133211, 0.161985, 0.151191, 0.133956, 0.145143, 0.113302, 0.0478249, 0.0130262
243,Anamase CHPS,41388, 17.1, 0.0621411, 0.151062, 0.176237, 0.13181, 0.138103, 0.125652, 0.130635, 0.040461, 0.0334427, 0.0130829
244,Aperade Health Centre,9434, 9.3, 0.0270825, 0.0812471, 0.135411, 0.135412, 0.0541664, 0.0812502, 0.108335, 0.13542, 0.162507, 0.0811158
245,Osoroase CHPS,8963, 8.2, 0.0855093, 0.0570059, 0.199523, 0.287969, 0.115345, 0.142523, 0, 0.0855153, 0, 0.0285052
246,Adawso Health Centre,43469, 10.6, 0.0251064, 0.0439362, 0.0878724, 0.144942, 0.119516, 0.204711, 0.187056, 0.0829173, 0.056483, 0.0502061
247,Akropong Health Centre,23832, 14, 0.0457913, 0.125927, 0.0572394, 0.0872126, 0.110278, 0.108363, 0.113985, 0.19298, 0.0869224, 0.0737514
248,Larteh Health Centre,7864, 9.5, 0.0346954, 0.208172, 0.137734, 0.170913, 0.20179, 0.0816863, 0.0358768, 0.0358774, 0.035878, 0.0597979
249,Mampong Urban CHPS,32513, 42.6, 0.0181107, 0.126772, 0.193467, 0.12616, 0.140824, 0.108876, 0.0780502, 0.0700462, 0.0856991, 0.0542165
250,Mangoase (AKN) Health Centre,23422, 9.3, 0.0276252, 0.059652, 0.124731, 0.135764, 0.156649, 0.152383, 0.14708, 0.108105, 0.01786, 0.0714386
251,Okorase CHPS,56651, 10.2, 0.0525592, 0.206661, 0.286842, 0.119509, 0.118798, 0.0728766, 0.0323286, 0.0266443, 0.0462262, 0.0384895
252,Tetteh Quarshie Memorial Hospital,19778, 10, 0.0275914, 0.0413872, 0.124161, 0.124102, 0.137952, 0.196023, 0.261436, 0.0565423, 0.0237766, 0.00951079
253,Tinkong CHPS,8264, 4.9, 0.0306908, 0, 0.114703, 0.0957864, 0.205894, 0.215257, 0.149659, 0.124351, 0.0330117, 0.0330149
254,Tutu CHPS,20112, 6.3, 0.0135833, 0.0135676, 0.0408129, 0.0411052, 0.102682, 0.120152, 0.118519, 0.290183, 0.215241, 0.0453552
255,Kom Health Centre,10197, 6.5, 0, 0.094785, 0.061646, 0.129744, 0.0973936, 0.0649296, 0.227228, 0.194788, 0.0973899, 0.032463
256, Presbyterian Health Centre - Kom Aburi,0, 0, 0, 0, 0, 0, 0, 0, 0, 0, 0, 0
257,Berekuso Health Centre,27915, 5.2, 0.0266736, 0.0118606, 0.363136, 0.194126, 0.0119852, 0.115881, 0.0600844, 0.076467, 0.0808546, 0.0594081
258,Obotwere Health Centre,25465, 7.4, 0.0129996, 0.0389985, 0.116996, 0.103997, 0.194992, 0.233995, 0.142995, 0.051996, 0.077994, 0.0251436
259,Pakro Health Centre,17117, 7.3, 0.0169471, 0.104452, 0.108355, 0.143712, 0.153297, 0.111248, 0.12965, 0.0842544, 0.0995394, 0.0495734
260,Pokrom Health Centre,15557, 5.3, 0.0212799, 0.0212799, 0.0638404, 0.14896, 0.0638411, 0.148958, 0.191524, 0.127679, 0.127684, 0.0851162
261,Anyinase Health Centre,86127, 33.2, 0.0567949, 0.175337, 0.196542, 0.223326, 0.15654, 0.103423, 0.036258, 0.0220766, 0.0140494, 0.0200704
262,Brenase Health Centre,94219, 34.6, 0.0342835, 0.122267, 0.166945, 0.177232, 0.163538, 0.141681, 0.102448, 0.0578246, 0.0275776, 0.00993211
263,Akroso Health Centre,71146, 12.9, 0.0204453, 0.0654249, 0.0899589, 0.130846, 0.182236, 0.183324, 0.164981, 0.0874559, 0.0534825, 0.0244854
264,Asuboa CHPS,26919, 10.3, 0.02161, 0.0756347, 0.0864385, 0.140461, 0.0864365, 0.129655, 0.151261, 0.172865, 0.0953232, 0.0432174
265,Onomabo CHPS,16307, 11, 0.0178032, 0.017612, 0.0353293, 0.105448, 0.193063, 0.175844, 0.245379, 0.176531, 0.017837, 0.017837
266,Adjena Health Centre,32893, 73.2, 0.439324, 0.469201, 0.0880998, 0.00134315, 0, 0, 0, 0, 0.000392848, 0.00454589
267,Akosombo VRA Hospital,34590, 11.6, 0.0131513, 0.059012, 0.0819973, 0.114972, 0.116587, 0.167564, 0.143651, 0.0872444, 0.101927, 0.116129
268,Apeguso Clinic,49666, 21.8, 0.0638138, 0.162453, 0.197614, 0.104929, 0.0736564, 0.0892425, 0.0825753, 0.0834049, 0.092697, 0.0549625
269,"Boso CHPS			",0, 0, 0, 0, 0, 0, 0, 0, 0, 0, 0, 0
270,Frankadua Clinic,4343, 4.2, 0.0510734, 0, 0.238683, 0.076735, 0.0523623, 0.191018, 0.104571, 0.139321, 0.0967902, 0.052026
271,Senchi Ferry Asuogyaman,15680, 21.5, 0.124852, 0.131544, 0.132272, 0.117109, 0.116914, 0.113976, 0.0894933, 0.0770334, 0.0659585, 0.035978
272,Senchi Ferry CHPS,8268, 8.8, 0.0275129, 0.0275124, 0.0825898, 0.145751, 0.159694, 0.16173, 0.157396, 0.0772001, 0.0812786, 0.0812786
273,Enyiresi Hospital,20859, 35.8, 0.028226, 0.0776219, 0.212222, 0.157506, 0.159901, 0.121082, 0.107242, 0.0474858, 0.0399234, 0.0513289
274,New Jejeti Health Centre,48351, 39.2, 0.0189056, 0.0938214, 0.131303, 0.153261, 0.126892, 0.162123, 0.125531, 0.0933849, 0.0532409, 0.0429961
275,Abomosu Health Centre,54704, 34.7, 0.0161482, 0.064592, 0.12504, 0.162312, 0.223431, 0.18001, 0.110511, 0.0718288, 0.0269086, 0.0215266
276,Awenare Health Center,18610, 24.2, 0.0335734, 0.0883443, 0.114385, 0.116276, 0.140413, 0.138102, 0.190692, 0.117361, 0.0396441, 0.0234713
277,Kwabeng (atiwa) Health Centre,17199, 18.8, 0.0513607, 0.0513608, 0.128399, 0.154078, 0.119839, 0.119839, 0.111278, 0.128399, 0.09416, 0.0427991
278,Amanase Health Centre,69601, 37, 0.129224, 0.213371, 0.189328, 0.114584, 0.120214, 0.0726081, 0.044576, 0.0433798, 0.0527887, 0.0208251
279,Asuboi Health Centre,13167, 6.4, 0.0158867, 0.0317737, 0.111207, 0.0794351, 0.0953234, 0.127098, 0.111212, 0.190651, 0.142989, 0.0953247
280,Marfo Health Centre,38623, 16.4, 0.0434554, 0.112897, 0.217198, 0.204417, 0.172881, 0.09806, 0.0694289, 0.0452729, 0.0270822, 0.0108323
281,Oda Hospital,34778, 8.6, 0.0167253, 0.0501759, 0.100351, 0.209042, 0.175524, 0.171664, 0.135153, 0.0539955, 0.0659518, 0.0240579
282,Amuana Praso Health Centre,31047, 26.2, 0.00544302, 0.0413809, 0.0621077, 0.0942658, 0.0989127, 0.172603, 0.169635, 0.184326, 0.113986, 0.060144
283,New Abirem Hospital,37999, 30.6, 0.0797426, 0.164211, 0.142184, 0.178434, 0.171507, 0.0840765, 0.0718242, 0.0464483, 0.0318403, 0.0318424
284,Noyem CHPS,31902, 35.5, 0.138453, 0.187058, 0.164182, 0.18739, 0.134477, 0.0743153, 0.0468952, 0.0294985, 0.0258111, 0.0147493
285,Pankese CHPS,40007, 36.4, 0.0155161, 0.0859459, 0.189828, 0.227832, 0.203825, 0.0924102, 0.0891595, 0.0479857, 0.0231156, 0.0257539
286,St Michaels Clinic,20632, 32.1, 0.0293963, 0.0979876, 0.177613, 0.193395, 0.157935, 0.112966, 0.067524, 0.068869, 0.057022, 0.0399156
287,Tweapease Health Centre,19645, 26.1, 0.0204402, 0.0611877, 0.145723, 0.114284, 0.122772, 0.159241, 0.119382, 0.100479, 0.128452, 0.0299716
288,Apoli Health Centre,18931, 17.4, 0.00929031, 0.0281922, 0.0548436, 0.0622237, 0.120238, 0.190162, 0.213566, 0.161736, 0.125751, 0.0365248
289,Swedru Catholic Clinic,12194, 9.4, 0.041968, 0.128388, 0.241473, 0.107542, 0.105067, 0.10485, 0.0630918, 0.104744, 0.0837941, 0.020948
290,Akwatia CHPS,56216, 32.9, 0.0830487, 0.218558, 0.247436, 0.156851, 0.123015, 0.0799897, 0.0373506, 0.0243104, 0.0186029, 0.0155298
291,GCD Hospital,1224, 7.2, 0.141273, 0, 0.141276, 0, 0, 0.141278, 0, 0.141281, 0, 0.439697
292,St Dominic Hospital,3096, 7, 0.0558504, 0.1117, 0.111698, 0.111696, 0.22339, 0.223386, 0.0558457, 0, 0.0558457, 0.0558457
293,Takrowase Health Centre,22644, 10.8, 0.0229093, 0.068728, 0.124259, 0.157086, 0.172263, 0.158312, 0.151497, 0.0957576, 0.0458105, 0.00763565
294,Begoro Hospital,40572, 33.3, 0.0373861, 0.0623098, 0.0716568, 0.1215, 0.208727, 0.177566, 0.155744, 0.105901, 0.0436074, 0.0186897
295,Begoro Salvation Army Clinic,3780, 17.9, 0.0334413, 0.100325, 0.133768, 0.0334425, 0.200655, 0.0334431, 0.167216, 0.100328, 0.133772, 0.0668874
296,Ame Zion Health Centre,17735, 23.4, 0.028513, 0.135517, 0.136202, 0.201978, 0.160385, 0.107566, 0.0981384, 0.077073, 0.0328011, 0.0248821
297,Bosuso Health Centre,6229, 15.2, 0.020297, 0.0573998, 0.262649, 0.160463, 0.177808, 0.0811858, 0.060888, 0.0405913, 0.060887, 0.0811812
298,Abehenease CHPS,20932, 27.1, 0.0165118, 0.148846, 0.189893, 0.222815, 0.172965, 0.106127, 0.0484611, 0.0247735, 0.0495481, 0.0247746
299,Asuom Health Centre,20124, 24.3, 0.0257659, 0.0515306, 0.111652, 0.111653, 0.0944772, 0.197552, 0.231915, 0.128844, 0.0343588, 0.0171798
300,Kade Govt Hospital,28208, 25.3, 0.110325, 0.220646, 0.153217, 0.128701, 0.116442, 0.104182, 0.0735387, 0.0367695, 0.0367698, 0.0245127
301,Takyiman CHPS,27203, 30.4, 0.0381297, 0.0756184, 0.111756, 0.140425, 0.230637, 0.176172, 0.0986674, 0.0693319, 0.0413634, 0.0213945
302,Holy Rosary Health Centre,56582, 68.5, 0.138688, 0.256701, 0.202537, 0.0854187, 0.109251, 0.0961404, 0.0816201, 0.0371094, 0.00601646, 0.000755059
303,Presbyterian Hospital -Donkorkrom,117038, 63.2, 0.0489976, 0.116691, 0.180407, 0.185875, 0.139634, 0.111566, 0.125905, 0.085131, 0.0119513, 0.00305861
304,Asanyanso Health Centre,85000, 49.5, 0.0456233, 0.102416, 0.158859, 0.201337, 0.218539, 0.132281, 0.0579491, 0.0499584, 0.0373271, 0.011142
305,Holy Spirit Health Centre,14921, 21.6, 0.0606853, 0.121136, 0.156776, 0.121373, 0.0960846, 0.0910269, 0.106198, 0.085969, 0.0910265, 0.0758554
306,Maame Krobo Health Centre,58864, 52.5, 0.102569, 0.189762, 0.219224, 0.24556, 0.15661, 0.0655812, 0.0146658, 0.00792091, 0.00412656, 0.00081662
307,Akwasiho Health Centre,26335, 29, 0.0713032, 0.188122, 0.225216, 0.2153, 0.114146, 0.0655229, 0.0471934, 0.0330344, 0.0235954, 0.0188238
308,Nkwatia Health Centre,14769, 28.6, 0.164595, 0.298381, 0.139689, 0.0741047, 0.0746529, 0.0658764, 0.0484375, 0.0584125, 0.0405713, 0.0402716
309,Pepease Health Centre,55071, 27.6, 0.0270808, 0.0744699, 0.108314, 0.164707, 0.225331, 0.163542, 0.143164, 0.0552724, 0.0263457, 0.0155019
310,St Joseph (kwE) Clinic,7615, 17.4, 0.0156189, 0.0468561, 0.0624758, 0.0937124, 0.172388, 0.189091, 0.300886, 0.0631789, 0.0312389, 0.0312392
311,Bepong Health Centre,6363, 21.4, 0.0373879, 0.0373879, 0.0412289, 0.0682509, 0.161692, 0.120785, 0.191003, 0.204607, 0.0669303, 0.0733725
312,Kwahu Government Hospital,16579, 33.5, 0.0430936, 0.227607, 0.0706126, 0.0706136, 0.127106, 0.112987, 0.127114, 0.0988696, 0.0811827, 0.0419302
313,Kwahu Praso Presby Health Centre,25551, 34.2, 0.0193539, 0.12855, 0.179749, 0.176237, 0.17173, 0.117486, 0.0839777, 0.0615536, 0.034844, 0.0294847
314,Nkyenenkyene Health Centre,70063, 42.7, 0.057172, 0.113908, 0.139902, 0.158886, 0.152177, 0.168768, 0.142454, 0.0534569, 0.0193342, 0.000860958
315,Holy Family (Kwahu West) District Hospital,6486, 17.3, 0.0360985, 0.108296, 0.242598, 0.180497, 0.0722002, 0.0722008, 0.0722015, 0.108303, 0, 0.108305
316,Akuse Government Hospital,35797, 11.6, 0.00761973, 0.0913616, 0.0881945, 0.136679, 0.168322, 0.187863, 0.156051, 0.0972768, 0.0462928, 0.0229062
317,Atua Government Hospital,53591, 21.2, 0.0901147, 0.149137, 0.224052, 0.16879, 0.145031, 0.107125, 0.0554983, 0.0336916, 0.0157902, 0.0122814
318,Kpong Health Centre,14379, 11.6, 0.102158, 0.201459, 0.221229, 0.179569, 0.132877, 0.0788352, 0.0447375, 0.0344498, 0, 0.00638563
319,Oborpa Health Centre,32828, 11.2, 0.0300574, 0.0516339, 0.110967, 0.128364, 0.146228, 0.103605, 0.132848, 0.100639, 0.104194, 0.093345
320,Odumase (LMKM) Health Centre,7728, 6.5, 0.0434842, 0.173937, 0.0869683, 0.0869676, 0.173932, 0.130444, 0.0869616, 0.0434804, 0.0869602, 0.0869595
321,St. Martin's de Porres Hospital - Agomanya,2688, 2.6, 0.125017, 0, 0, 0.125015, 0, 0.125017, 0.250027, 0, 0.125013, 0.250032
322,Akwadum Health Centre,58021, 19.3, 0.0837594, 0.188993, 0.424816, 0.0995724, 0.0846691, 0.0349531, 0.0351048, 0.0291293, 0.0149753, 0.00501498
323,Jumapo Health Centre,72342, 12.7, 0.102832, 0.329235, 0.269806, 0.130917, 0.0800226, 0.0375141, 0.00965986, 0.0258828, 0.00987392, 0.00482106
324,St Joseph's (New Juabeng) Hospital,73659, 7.2, 0.101048, 0.276519, 0.229211, 0.147955, 0.100661, 0.0880645, 0.0260622, 0.0169325, 0.00313486, 0.0109542
325,Eastern Regional Hospital,12422, 2.8, 0.239678, 0.239678, 0, 0.11984, 0.116179, 0, 0.119135, 0, 0.0696467, 0.0962076
326,Koforidua Poly Clinic,1488, 0.1, 1.00042, 0, 0, 0, 0, 0, 0, 0, 0, 0
327,Koforidua SDA Hospital,1488, 0.1, 1.00042, 0, 0, 0, 0, 0, 0, 0, 0, 0
328,Adoagyiri Health Centre,25923, 7.5, 0.0127708, 0.0893952, 0.140476, 0.178787, 0.216243, 0.138145, 0.125641, 0.0165012, 0.067878, 0.0145819
329,Djankrom Health Centre,331, 0.1, 1.00017, 0, 0, 0, 0, 0, 0, 0, 0, 0
330,Nsawam Government Hospital,5627, 4.3, 0.117668, 0.176503, 0.0588355, 0.235341, 0.0588374, 0.0588384, 0.176506, 0.0588347, 0, 0.0588347
331,Nsawam Health Centre,662, 0.7, 0.500095, 0, 0, 0, 0, 0, 0, 0, 0, 0.500102
332,Prisons Clinic,26583, 5, 0.0124541, 0.0249084, 0.0846756, 0.169376, 0.446703, 0.132965, 0.0435415, 0.0593611, 0, 0.026621
333,Abiriw Clinic,5168, 5.5, 0.0527907, 0, 0.0527916, 0.105582, 0.158371, 0.158375, 0.158372, 0.0527933, 0.158375, 0.105582
334,Adukrom Health Centre,20942, 10, 0.0130267, 0.11724, 0.104212, 0.143291, 0.130261, 0.117238, 0.130264, 0.143181, 0.0781598, 0.0260535
335,Okrakwadjo Health Centre,5414, 4.1, 0.0503803, 0.0503794, 0.10076, 0.10076, 0.177876, 0.0405681, 0.0793288, 0.16558, 0.0852283, 0.151763
336,Akorabo Health Centre,6897, 8.8, 0.0303252, 0, 0.0606509, 0.0303257, 0.121302, 0.181956, 0.121304, 0.151629, 0.0909731, 0.212272
337,Suhum District Hospital,59170, 25.4, 0.0600898, 0.142154, 0.1566, 0.112867, 0.118895, 0.147104, 0.105307, 0.0754333, 0.0684858, 0.0147548
338,Akateng Health Centre,41978, 67.7, 0.189173, 0.301566, 0.348389, 0.15119, 0, 0, 0.00033434, 0.00484309, 0.00625865, 0.00305478
339,Anyaboni Health Centre,29681, 15, 0.0193272, 0.0660602, 0.121173, 0.141692, 0.171692, 0.192331, 0.184453, 0.0772986, 0.0223875, 0.00887782
340,Asesewa CHPS,15663, 17.3, 0.0543959, 0.197996, 0.277322, 0.231412, 0.185239, 0.0492976, 0, 0.00672934, 0, 0.000248941
341,Asesewa Government Hospital,17587, 15.5, 0.032614, 0.11741, 0.189161, 0.202208, 0.0913158, 0.0531217, 0.0901007, 0.0713014, 0.0790567, 0.0790559
342,Dzamam CHPS,18523, 19.8, 0.0495481, 0.15484, 0.16723, 0.105571, 0.122249, 0.101925, 0.0819915, 0.0753273, 0.0762466, 0.0699147
343,Sekesua Health Centre,12861, 16.5, 0.0713698, 0.151694, 0.210467, 0.245348, 0.168729, 0.0356882, 0.0581334, 0.0373824, 0.0133541, 0.0135261
344,Sisiamang CHPS,4561, 10.3, 0.0251497, 0.0754501, 0.2012, 0.251496, 0.176043, 0.150895, 0.0503019, 0.0502981, 0, 0.0253031
345,Abamkrom CHPS,31821, 8.2, 0.0179115, 0.0562502, 0.0965433, 0.131655, 0.145734, 0.126973, 0.110061, 0.13745, 0.118999, 0.0607991
346,Adeiso Health Centre,55496, 7.1, 0.0102691, 0.028037, 0.0621489, 0.077513, 0.125092, 0.15465, 0.175206, 0.175808, 0.0897601, 0.102523
347,Mepom Health Centre,50527, 23.8, 0.0845933, 0.253778, 0.197373, 0.11795, 0.108835, 0.0787084, 0.0572611, 0.0485345, 0.0391059, 0.0167421
348,Nyanua CHPS,7187, 4, 0.0396525, 0.0396525, 0.12646, 0, 0.134646, 0.176803, 0.151712, 0.0889872, 0.0952887, 0.148072
349,Okurase CHPS,14768, 7, 0.0385901, 0.0385901, 0.15436, 0.0771801, 0.135067, 0.135063, 0.192952, 0.0771832, 0.11577, 0.0385867
350,Akanteng Health Centre,36898, 32.4, 0.0385981, 0.170547, 0.211403, 0.113387, 0.131496, 0.0941105, 0.0587286, 0.0621849, 0.0746937, 0.0473235
351,Asamankese Government Hospital,39762, 17, 0.0573252, 0.15048, 0.236468, 0.250803, 0.14332, 0.0573166, 0.0358219, 0.0286573, 0.028657, 0.0143284
352,Asamankese Health Centre,18734, 14.5, 0.0608342, 0.0912496, 0.212912, 0.182493, 0.152072, 0.0912409, 0.0760323, 0.0456186, 0.0455765, 0.0450524
353,Osenase Health Centre,27453, 10.1, 0.020753, 0.0622598, 0.0933902, 0.155644, 0.185004, 0.215632, 0.171918, 0.0775422, 0.0103766, 0.0103764
354,Klo-Agogo (yilo Krobo) Polyclinic,24275, 14.8, 0.0431008, 0.100204, 0.144686, 0.204951, 0.142828, 0.157285, 0.122594, 0.0502267, 0.0221466, 0.014366
355,Nkurakan Health Centre,7164, 9.5, 0.0486925, 0.0486917, 0.073121, 0.121923, 0.122572, 0.124037, 0.195633, 0.073035, 0.121721, 0.0730317
356,Somanya Polyclinic,9307, 9.5, 0.0379004, 0.113023, 0.11245, 0.0939531, 0.157574, 0.156377, 0.143768, 0.069891, 0.0712411, 0.0461315
357,Primecare Medical Centre,445585, 20.8, 0.472362, 0.173239, 0.109836, 0.175625, 0, 0.0372171, 0.0162597, 0.00599976, 0.00698137, 0.00253313
358,St. Martins Memorial Hospital,70517, 10.8, 0.204123, 0, 0, 0, 0.204126, 0, 0, 0.387661, 0, 0.20413
359,Amoah Memorial Hospital,59831, 1.1, 0.0912001, 0, 0.216454, 0.192334, 0.211561, 0.240565, 0.0239702, 0, 0, 0.0239706
360,Dansoman Polyclinic,28724, 0.5, 0.499356, 0, 0, 0, 0, 0, 0, 0, 0, 0.500689
361,Royal MMR Hospital,61771, 12.2, 0.278061, 0, 0, 0.153949, 0, 0.229147, 0.118151, 0, 0.109131, 0.111609
362,Cocoa Clinic,218629, 1, 0.0658351, 0, 0, 0.0658351, 0.197502, 0.0658341, 0.131666, 0.131664, 0.127043, 0.214673
363,Kaneshie Polyclinic,57488, 0.3, 0.250377, 0, 0, 0, 0, 0, 0.250373, 0, 0, 0.49928
364,Korle-bu Teaching Hospital,34968, 5.6, 0.411643, 0, 0, 0, 0, 0, 0, 0, 0, 0.588385
365,Mamprobi Hospital,28788, 6.3, 0.500012, 0, 0, 0, 0, 0, 0, 0, 0, 0.500019
366,Megavest Medical Centre,68233, 1.2, 0.210939, 0.210942, 0.412994, 0, 0, 0.12284, 0, 0.0205114, 0, 0.0218252
367,Noguchi Health Centre,37085, 23.6, 0.122686, 0.288429, 0.322164, 0.168707, 0.0224513, 0.0153368, 0.0208414, 0.00720819, 0.0189243, 0.0146351
368,PML Hospital,14367, 0.1, 1.00005, 0, 0, 0, 0, 0, 0, 0, 0, 0
369,Ussher Hospital,51849, 7.3, 0.276299, 0, 0, 0, 0, 0, 0, 0.276236, 0, 0.447509
370,Ada  East District Hospital,95379, 43.3, 0.155107, 0.236681, 0.1404, 0.143568, 0.201323, 0.0930505, 0.0112491, 0.00982676, 0.00721954, 0.00346444
371,Ada Health Centre,3399, 17.2, 0.081219, 0, 0, 0.1834, 0.203744, 0.23756, 0.0895159, 0.151878, 0.0348123, 0.0191369
372,Kasseh Health Centre,119585, 31.8, 0.0806472, 0.186974, 0.222715, 0.269338, 0.134381, 0.0393819, 0.0101726, 0.0194773, 0.0276621, 0.0108862
373,Anyaman Health Centre,5713, 32.2, 0.0639633, 0.17572, 0.0419436, 0.253947, 0.107149, 0.157983, 0, 0.0712292, 0, 0.129953
374,Adjiringano Health Centre,182964, 20, 0.626715, 0.239195, 0.0124527, 0.049811, 0, 0.0249058, 0.0231835, 0.0120895, 0, 0.0119337
375,Ogbojo Polyclinic,31604, 4.2, 0.172971, 0.0637034, 0.0630861, 0.0946272, 0.0951798, 0.129278, 0.0508402, 0.132107, 0.066783, 0.13198
376,St. John Of God Clinic,129177, 4.6, 0.0442477, 0.141455, 0.154315, 0.236601, 0.0716256, 0.122589, 0.0561947, 0.0860891, 0.070369, 0.0168258
377,Ashaiman Polyclinic,204878, 16.6, 0.469562, 0.29001, 0.0555985, 0.0661854, 0.0327841, 0.020946, 0.0300825, 0.0175421, 0.0163875, 0.00108685
378,Darbem Clinic,2079, 0.1, 1.00013, 0, 0, 0, 0, 0, 0, 0, 0, 0
379,St Florence Clinic,2078, 0.1, 1.00027, 0, 0, 0, 0, 0, 0, 0, 0, 0
380,Mallam Atta Clinic,154861, 1.4, 0.0929444, 0.0929429, 0.0929413, 0, 0.09294, 0.369224, 0.0814795, 0.121085, 0, 0.0564948
381,37 Military Hospital,573634, 21.4, 0.436669, 0.0512214, 0.202588, 0.0501838, 0.0893793, 0.0342075, 0.0378109, 0.0126015, 0.0482905, 0.0370944
382,Nima Polyclinic,28786, 0.1, 0.500016, 0, 0, 0, 0, 0, 0, 0, 0, 0.500008
383,Maamobi General Hospital,28784, 0.4, 0.500034, 0, 0, 0, 0, 0, 0, 0, 0, 0.500027
384,University Hospital Legon,158563, 1.4, 0.027912, 0.183973, 0.127469, 0.10425, 0.213391, 0.171014, 0, 0.11796, 0.0410248, 0.0130866
385,University Of Ghana Medical Centre,137410, 0.8, 0.104738, 0, 0.209475, 0, 0, 0, 0.202332, 0.296977, 0.10474, 0.0817748
386,Anyaa Polyclinic,106252, 8.3, 0.2564, 0.218834, 0.128682, 0.151382, 0.0526232, 0.10755, 0.00430697, 0.0400492, 0.026955, 0.013499
387,Ga Central Municipal Clinic,19728, 1.1, 0.0727674, 0.0726933, 0.355377, 0, 0.144835, 0.072529, 0.0705137, 0, 0.140851, 0.0706109
388,Sowutuom RCH Clinic,9857, 0.6, 0.143932, 0, 0, 0.145488, 0, 0.290057, 0, 0, 0.140443, 0.280293
389,Abokobi Health Centre,93436, 1.8, 0.0219239, 0.0657723, 0.130602, 0.10962, 0.063479, 0.168798, 0.218541, 0.11957, 0.0800243, 0.0219253
390,Ga East Municipal Hospital,14393, 0.3, 0, 0, 0, 0, 0, 0, 0, 0, 0, 1.00005
391,International Health Care Centre,26839, 1.3, 0.0763332, 0, 0, 0, 0.0763332, 0, 0.160684, 0.228999, 0, 0.458002
392,Taifa Polyclinic (RCH),178126, 8.3, 0.223382, 0.184942, 0.0541374, 0.0776214, 0.0473509, 0.071284, 0.0610178, 0.110882, 0.10549, 0.0642073
393,Ga North Municipal Hospital,9569, 1.1, 0.142878, 0.142878, 0.14288, 0.14288, 0.142878, 0, 0, 0, 0.142878, 0.142878
394,Pokuase Health Centre,75176, 4, 0.072742, 0.218223, 0.145479, 0.109107, 0.200028, 0.163655, 0.0181846, 0.0363695, 0.0181846, 0.0181849
395,Amanfro Polyclinic,48295, 4.5, 0.0472574, 0.10213, 0.141861, 0.122651, 0.179573, 0.156194, 0.118393, 0.0432644, 0.0593287, 0.0296949
396,Aplaku Family Fitness Clinic,9718, 15.6, 0.147594, 0, 0, 0, 0.147387, 0.140571, 0.117273, 0.0530722, 0.139746, 0.25475
397,Bortianor Polyclinic,8789, 9.1, 0.136784, 0, 0, 0, 0, 0.163197, 0.284179, 0.161527, 0.163197, 0.0914105
398,Kokrobite Health Centre,6278, 10.5, 0.228474, 0, 0, 0, 0, 0.450322, 0.241271, 0, 0, 0.0803869
399,Obom Health Centre,126155, 8.1, 0.0227305, 0.0568261, 0.125019, 0.136384, 0.147747, 0.168056, 0.127963, 0.113661, 0.0567072, 0.0454658
400,Ga West Municipal Hospital,10936, 1.2, 0.125008, 0, 0.250015, 0, 0.125006, 0.125008, 0.125006, 0, 0, 0.250015
401,Kojo Ashong Community Clinic,65988, 5.6, 0.0214331, 0.0431514, 0.10696, 0.129369, 0.126127, 0.168682, 0.168048, 0.131908, 0.0539702, 0.0507108
402,Kotoku Health Centre,22976, 3.1, 0.0594961, 0, 0.0594961, 0.149205, 0.178489, 0.17234, 0.0813253, 0.0918256, 0.168408, 0.0398088
403,Mayera Faase Health Centre,41645, 4, 0.098478, 0.229782, 0.262604, 0.166306, 0.0958815, 0.0656477, 0.0481902, 0.0151703, 0, 0.0182187
404,Oduman Polyclinic,26025, 2.1, 0.0525357, 0.10507, 0.210289, 0.157926, 0.211605, 0.0525332, 0.105147, 0.0525357, 0, 0.0525364
405,Adabraka Polyclinic,14393, 3.3, 0, 0, 0, 0, 0, 0, 0, 0, 0, 1.00006
406,Civil Service Clinic,13897, 0.1, 1.00003, 0, 0, 0, 0, 0, 0, 0, 0, 0
407,Iran Clinic,14393, 0.1, 1.00005, 0, 0, 0, 0, 0, 0, 0, 0, 0
408,Ridge Regional Hospital,14393, 0.1, 1.00005, 0, 0, 0, 0, 0, 0, 0, 0, 0
409,Osu Trust Hospital,64058, 9.5, 0, 0, 0, 0, 0, 0.446693, 0, 0.215674, 0, 0.337668
410,1 Medical Reception Station(1MRS),142546, 24.5, 0.580991, 0.267074, 0.0879221, 0.0445065, 0.00724567, 0.00197986, 0.00263983, 0.00375569, 0.00279264, 0.00159853
411,Kpone Polyclinic,13502, 15.7, 0.159132, 0, 0, 0.168727, 0.337442, 0, 0.145171, 0, 0.0618782, 0.127974
412,Oyibi Health Centre,98794, 6.8, 0.0210351, 0.105083, 0.143681, 0.163062, 0.128929, 0.148591, 0.140094, 0.099604, 0.0399867, 0.0100956
413,Zenu Health Centre,66421, 3.1, 0.10289, 0.163925, 0, 0.200093, 0.102885, 0.0685891, 0.20119, 0.0313102, 0, 0.12941
414,Christian Medical Centre,5422, 0.1, 1.00008, 0, 0, 0, 0, 0, 0, 0, 0, 0
415,LEKMA Polyclinic,23203, 8.7, 0.317409, 0, 0, 0, 0, 0.281775, 0, 0, 0, 0.400911
416,Accra Police Hospital,14393, 0.1, 1.00005, 0, 0, 0, 0, 0, 0, 0, 0, 0
417,La General Hospital,53101, 13.4, 0.248213, 0, 0, 0.194891, 0, 0.282197, 0, 0, 0, 0.274756
418,Danfa Health Centre,3655, 1.2, 0.557758, 0, 0, 0, 0, 0, 0, 0, 0, 0.442414
419,Madina Polyclinic (Kekele),25031, 1.4, 0.133451, 0.0680252, 0.0775293, 0.0911098, 0.145417, 0.188546, 0.0449436, 0.165265, 0, 0.0860736
420,Madina Polyclinic (Rawlings Circle),2167, 0.1, 1.0002, 0, 0, 0, 0, 0, 0, 0, 0, 0
421,Pantang Hospital,16337, 0.7, 0.125393, 0, 0.125395, 0, 0.250788, 0, 0, 0, 0.376186, 0.122509
422,Pentecost Hospital,87342, 52.6, 0.114224, 0.100784, 0.126583, 0.128378, 0.116166, 0.120683, 0.134524, 0.0880688, 0.049861, 0.0311048
423,LEKMA Hospital,78196, 3.8, 0.178894, 0.210056, 0.295028, 0.22026, 0, 0, 0, 0, 0, 0.0958418
424,Manna Mission Hospital,28918, 2.5, 0.224353, 0.224109, 0.165603, 0.081529, 0, 0.0806995, 0, 0, 0, 0.223867
425,Lekpongunor CHPS,2299, 27, 0.0409153, 0.12911, 0, 0.263414, 0.122743, 0.163658, 0.0793683, 0.0327065, 0.119308, 0.0523427
426,Nyigbenya CHPS,47486, 25.9, 0.0396144, 0.144594, 0.204014, 0.154489, 0.150519, 0.126746, 0.106653, 0.0549072, 0.00899745, 0.0101753
427,Old Ningo Health Centre,919, 13.8, 0.102362, 0, 0, 0.139308, 0.204723, 0.23925, 0, 0, 0.0969755, 0.224316
428,Prampram Polyclinic,1027, 16.4, 0.0916044, 0, 0.183207, 0.0916029, 0.0437675, 0.0917268, 0.268744, 0.0852783, 0.0701426, 0.0787941
429,Achimota Hospital,101312, 0.9, 0.0968184, 0, 0, 0.162857, 0.272193, 0.162719, 0.122971, 0.0202227, 0.142062, 0.0202227
430,Ark Clinic,12802, 0.1, 1.00006, 0, 0, 0, 0, 0, 0, 0, 0, 0
431,Lapaz Community Hopital,7906, 0.8, 0.645712, 0, 0, 0, 0, 0.180566, 0, 0, 0, 0.173859
432,Shai Osudoku Hospital,30644, 17.4, 0.0306905, 0.0705884, 0.153454, 0.205626, 0.168792, 0.128887, 0.095126, 0.0859174, 0.0398891, 0.0214785
433,Manhean Polyclinic,11657, 13.6, 0.314479, 0, 0, 0.187865, 0, 0, 0.32374, 0, 0, 0.174324
434,Tema General Hospital,63293, 12.1, 0.393708, 0.179982, 0.0359965, 0.0719947, 0.0359971, 0.0715058, 0.0359971, 0, 0.0941843, 0.0808512
435,Tema Polyclinic,2278, 0.1, 1.00017, 0, 0, 0, 0, 0, 0, 0, 0, 0
436,Mallam Demonstration Clinic,6643, 2.6, 0.431785, 0, 0, 0, 0.215897, 0, 0, 0, 0, 0.352544
437,Oblogo Health Centre,12195, 11.1, 0.156445, 0, 0, 0.366168, 0, 0.345575, 0, 0, 0, 0.131971
438,Weija-Gbawe Municipal Hospital,1415, 0.1, 1.00046, 0, 0, 0, 0, 0, 0, 0, 0, 0
439,Binde  Hospital,36226, 35.6, 0.0278755, 0.0836274, 0.119469, 0.123446, 0.164459, 0.195942, 0.121113, 0.0517812, 0.0587048, 0.0557389
440,Bunkpurugu Health Centre,84759, 40.4, 0.0510679, 0.140868, 0.120958, 0.125033, 0.131905, 0.128362, 0.105218, 0.0805744, 0.0688509, 0.0508469
441,Chereponi Government Hospital,103101, 60.1, 0.0292138, 0.0861811, 0.125026, 0.167591, 0.178748, 0.198386, 0.104141, 0.0590774, 0.0387265, 0.0169181
442,Baptist Hospital,212879, 47.2, 0.0190351, 0.0618381, 0.0932733, 0.143613, 0.17411, 0.194483, 0.15708, 0.111485, 0.0443933, 0.00514804
443,Loagri CHPS,159163, 53.1, 0.0192014, 0.0659866, 0.116658, 0.176673, 0.211267, 0.197268, 0.154627, 0.0441296, 0.0164616, 0.0070622
444,Fame (yiezesi) Health Centre,79773, 62.7, 0.0620526, 0.176901, 0.230085, 0.136961, 0.102621, 0.112266, 0.0959241, 0.0665931, 0.0280718, 0.00697919
445,Kubori Health Centre,44681, 37.5, 0.027706, 0.0989511, 0.168039, 0.204936, 0.193128, 0.161997, 0.0889508, 0.0312732, 0.0191456, 0.0178616
446,Kunkwa Health Centre,100555, 44.1, 0.00527157, 0.0285421, 0.0723467, 0.193124, 0.215795, 0.231819, 0.129906, 0.0722131, 0.0475562, 0.00818154
447,Walewale District Hospital,55370, 42, 0.0103739, 0.0343127, 0.0637496, 0.0789638, 0.112496, 0.142769, 0.195522, 0.186144, 0.137031, 0.0432394
448,Yunyoo Health Centre,82323, 59.5, 0.0893952, 0.154262, 0.177071, 0.257941, 0.186066, 0.104738, 0.0146711, 0.00964328, 0.0058301, 0.00380952
449,Gushiegu District Hospital,84188, 39.8, 0.0247339, 0.0759267, 0.116978, 0.139714, 0.116175, 0.124782, 0.12572, 0.115765, 0.110195, 0.0584787
450,Karaga District Hospital,78585, 40.6, 0.019318, 0.0592454, 0.0967554, 0.110827, 0.113712, 0.125053, 0.137208, 0.139809, 0.153938, 0.0564794
451,Bladjai EP Clinic,33274, 28.3, 0.0350724, 0.105402, 0.177986, 0.183365, 0.15813, 0.117382, 0.081838, 0.0598415, 0.0536611, 0.0345788
452,ECG Hospital,11480, 19.7, 0.0398165, 0.113762, 0.159754, 0.125718, 0.104587, 0.0859124, 0.0724093, 0.108539, 0.107582, 0.0870466
453,Fame Health Centre Kumdi,48612, 32.3, 0.0376121, 0.113377, 0.155394, 0.178682, 0.175183, 0.125937, 0.106437, 0.0615768, 0.0349371, 0.0188133
454,Kpandai  District Hospital,5915, 11.1, 0.0331192, 0.0883177, 0.110396, 0.154557, 0.22079, 0.121437, 0.0883251, 0.0552082, 0.0772938, 0.0552114
455,Oti River Health Centre,13273, 13.8, 0.0295196, 0.0787192, 0.147597, 0.142678, 0.167281, 0.152518, 0.143623, 0.0679862, 0.0325929, 0.0423129
456,Kings Medical Centre,35742, 52.4, 0.129552, 0.128808, 0.154487, 0.11229, 0.0657176, 0.083548, 0.0979354, 0.108224, 0.0982985, 0.0293658
457,Jimle Health Centre,153477, 43.9, 0.0167933, 0.0584068, 0.109231, 0.187258, 0.248047, 0.198685, 0.0910124, 0.0487392, 0.0421982, 0.00778437
458,Kukpalgu Health Centre,55760, 52, 0.0211931, 0.0784469, 0.146379, 0.198009, 0.202016, 0.168422, 0.0850643, 0.0583984, 0.0388344, 0.0134741
459,Nanton Health Centre,31171, 25.5, 0.00616385, 0.0246552, 0.0431456, 0.101698, 0.0986165, 0.110943, 0.133083, 0.18948, 0.158203, 0.135035
460,Tampion Health Center,32815, 37.2, 0.0234172, 0.0848884, 0.133841, 0.154985, 0.152523, 0.151848, 0.0874368, 0.0934084, 0.0586346, 0.064414
461,Bimbilla  District Hospital,112850, 54.2, 0.0475413, 0.139796, 0.144775, 0.165961, 0.147277, 0.153037, 0.0986819, 0.0486913, 0.0405998, 0.0234739
462,St. Joseph Clinic & Mat Home - Chamba,41855, 30.3, 0.0366397, 0.117552, 0.199992, 0.220843, 0.142527, 0.0946512, 0.0884782, 0.0666191, 0.038333, 0.00819661
463,Lungni Health Centre,25114, 21, 0.0621245, 0.154647, 0.220194, 0.178705, 0.1447, 0.102955, 0.0584384, 0.0468604, 0.0200512, 0.0171393
464,Wulensi Polyclinic,48887, 30.3, 0.0556859, 0.149618, 0.163229, 0.151533, 0.132093, 0.112938, 0.106935, 0.0697669, 0.041119, 0.0235794
465,Assemblies of God Hospital,35984, 37, 0.0249453, 0.091201, 0.163355, 0.240559, 0.174181, 0.161789, 0.0941635, 0.0322973, 0.0174641, 0.0139713
466,Choggu Health Centre,129993, 38.9, 0.0972509, 0.114171, 0.118367, 0.109947, 0.122636, 0.156108, 0.139575, 0.115046, 0.0259085, 0.00257411
467,Habana Hospital,56901, 21.8, 0.229736, 0.142828, 0.142945, 0.0754924, 0.0949958, 0.0948047, 0.100012, 0.0552295, 0.0490579, 0.0162521
468,St Lucy Polyclinic,113770, 42.1, 0.0252523, 0.081369, 0.0976379, 0.111593, 0.136984, 0.152564, 0.175135, 0.136708, 0.077188, 0.0180271
469,Savelugu District Hospital,39777, 39.1, 0.0265605, 0.0676068, 0.118093, 0.136756, 0.10565, 0.0895571, 0.1141, 0.131219, 0.134668, 0.0772335
470,Tamale Central Hospital,4908, 12.8, 0.112001, 0.224005, 0.223775, 0, 0.112001, 0.109191, 0, 0.108204, 0, 0.112016
471,Tamale SDA Hospital,11509, 20.8, 0.0477639, 0.0476884, 0.0955292, 0.190218, 0.0946214, 0.143304, 0.047769, 0.143309, 0.0955417, 0.095543
472,Tamale Teaching Hospital,1647, 4.4, 0.333759, 0, 0, 0, 0, 0.333767, 0, 0, 0, 0.333777
473,Tamale West Hospital,1646, 7, 0.33397, 0, 0, 0, 0, 0.333961, 0, 0, 0, 0.333165
474,Tatale District Hospital - Tatale,106753, 33.2, 0.0176679, 0.0510184, 0.136436, 0.172786, 0.164307, 0.149244, 0.112944, 0.106082, 0.0843856, 0.00809899
475,UDS Clinic,64731, 59.6, 0.0849294, 0.186849, 0.182531, 0.163807, 0.152014, 0.109995, 0.060947, 0.0265026, 0.0275212, 0.00759889
476,Yendi District Hospital,113061, 57.9, 0.0166782, 0.0767198, 0.145104, 0.221071, 0.238028, 0.126711, 0.0777253, 0.0372565, 0.0351883, 0.0371063
477,Zabzugu District Hospital,154499, 50.4, 0.0300586, 0.0893504, 0.156929, 0.21318, 0.224748, 0.137818, 0.0503703, 0.04482, 0.0388963, 0.0175863
478,Comfort Ofedie Memorial (Nkonya Ahenkro) Health Centre,79776, 54.7, 0.12331, 0.397361, 0.193143, 0.145815, 0.0944551, 0.0334015, 0.0130503, 0.00264233, 0.000781819, 0.000305703
479,Worawora Hospital,36854, 43.4, 0.0486112, 0.168102, 0.209951, 0.222949, 0.193451, 0.110327, 0.0220913, 0.0313139, 0.000888142, 0.000779343
480,Jasikan District Hospital,40326, 42.4, 0.0490233, 0.148143, 0.174603, 0.147513, 0.148291, 0.148329, 0.0774314, 0.0822699, 0.0203359, 0.0110478
481,Kadjebi Health Centre,22258, 28.1, 0.0631078, 0.153142, 0.218444, 0.180423, 0.13685, 0.0967911, 0.0652417, 0.0378341, 0.0301572, 0.0264487
482,St. Mary Theresa Hospital,58091, 35.8, 0.0377631, 0.0876101, 0.155582, 0.167175, 0.15781, 0.134291, 0.101393, 0.102923, 0.0438208, 0.0206519
483,Dambai Health Certre,69332, 48.2, 0.0830151, 0.179562, 0.210565, 0.199306, 0.207747, 0.0764522, 0.023951, 0.0202035, 0.00781053, 0.00064378
484,Dormabin Health Centre,44689, 51.2, 0.147414, 0.287387, 0.245563, 0.122758, 0.057139, 0.0724846, 0.0542454, 0.0131579, 0.00400067, 0.00185225
485,Katanga (krachi East) Health Centre,45217, 64.6, 0.188703, 0.236506, 0.14672, 0.12816, 0.120497, 0.0419425, 0.0353787, 0.0740839, 0.0291952, 0.00706786
486,Tokoruanu Health Centre,9763, 56.2, 0.479905, 0.383065, 0.0286619, 0.0045519, 0.00341415, 0.00235463, 0.0031731, 0.0122843, 0.0722867, 0.0182298
487,Banda Health Centre,15864, 15.4, 0.0434762, 0.108544, 0.176529, 0.137056, 0.16224, 0.151034, 0.111179, 0.0535295, 0.0370603, 0.0247071
488,Borae Health Centre,55053, 36.1, 0.0608715, 0.146813, 0.146772, 0.148042, 0.158218, 0.143186, 0.112182, 0.0782739, 0.0107708, 0.00122077
489,Chinderi Health Center,23817, 44.8, 0.223484, 0.355926, 0.120025, 0.0731911, 0.0837387, 0.0686041, 0.0251054, 0.0309152, 0.0231213, 0.0031032
490,Grubi Health Centre,16773, 53.5, 0.303742, 0.306201, 0.110923, 0.0792732, 0.0802469, 0.0508819, 0.0187478, 0.0142687, 0.0280354, 0.0154159
491,St Luke Clinic,392, 1.4, 0.251446, 0, 0, 0, 0.251446, 0, 0, 0, 0, 0.502881
492,Krachi West District Hospital,27633, 55.2, 0.00759573, 0.0154684, 0.0681798, 0.223999, 0.307569, 0.138064, 0.060311, 0.0593715, 0.10856, 0.0193861
493,Kpassa Health Centre,119638, 51.3, 0.0471897, 0.124241, 0.190301, 0.22246, 0.153731, 0.108844, 0.0799458, 0.0405921, 0.0227889, 0.0170547
494,Nkwanta Municipal Hospital,65992, 39.8, 0.0317165, 0.0774449, 0.116535, 0.185801, 0.201639, 0.176269, 0.115481, 0.081926, 0.0184146, 0.0087958
495,Nkwanta St. Josephs Hospital,5586, 16.6, 0.0348568, 0.0610004, 0.0784316, 0.122006, 0.130726, 0.165586, 0.156866, 0.136272, 0.0813492, 0.0467752
496,Bamboi Health Centre,44863, 43.6, 0.0296734, 0.121374, 0.194961, 0.295423, 0.212522, 0.0861515, 0.0392954, 0.0237151, 0.016594, 0.00806066
497,Bole District Hospital,43195, 42.6, 0.0192652, 0.0657587, 0.108244, 0.148031, 0.153446, 0.155666, 0.145944, 0.12203, 0.0820092, 0.0364688
498,Tinga Health Centre,51939, 48.6, 0.0188169, 0.0534939, 0.0846756, 0.110747, 0.147187, 0.186825, 0.185794, 0.166219, 0.069704, 0.0318629
499,Buipe Polyclinic,101832, 61.2, 0.0166999, 0.0487376, 0.0818737, 0.114913, 0.138082, 0.157449, 0.175703, 0.145674, 0.0864385, 0.0499063
500,Central Gonja District Hospital,0, 0, 0, 0, 0, 0, 0, 0, 0, 0, 0, 0
501,Holistic Medicare,12, 0.1, 1.00674, 0, 0, 0, 0, 0, 0, 0, 0, 0
502,Salaga District Hospital,85441, 61.6, 0.0271222, 0.0857946, 0.169576, 0.24631, 0.183245, 0.117239, 0.0595607, 0.0452894, 0.0614835, 0.0250788
503,Daboya Health Centre,51494, 58.8, 0.00942843, 0.0417008, 0.0636228, 0.111255, 0.17366, 0.245393, 0.181873, 0.128527, 0.0487987, 0.0117363
504,Lingbinsi Health Centre,36359, 64.6, 0.0196864, 0.0585623, 0.0954817, 0.130813, 0.16785, 0.197876, 0.136333, 0.083536, 0.0967835, 0.0631354
505,Kpalbe Health Centre,62533, 58.2, 0.0370007, 0.107981, 0.159684, 0.168948, 0.18509, 0.178685, 0.0597865, 0.0471109, 0.0422842, 0.0347539
506,Good Shepherd Health Centre,59713, 64.2, 0.046355, 0.135974, 0.166099, 0.162902, 0.133535, 0.100562, 0.0882351, 0.0911041, 0.0604615, 0.0188563
507,Sawla-Tuna_Kalba District Hospital,29822, 45, 0.045665, 0.134674, 0.215052, 0.177963, 0.12354, 0.104038, 0.0920428, 0.0737555, 0.0390791, 0.00776465
508,St. Anne's Hospital,44603, 53.2, 0.0205563, 0.0640273, 0.106439, 0.147419, 0.182528, 0.191313, 0.181833, 0.0825011, 0.0389211, 0.0198541
509,Bawku Presby Hospital,53444, 65.5, 0.0482773, 0.19311, 0.28967, 0.201905, 0.0833676, 0.0795834, 0.0397694, 0.0204046, 0.020068, 0.0265006
510,Timonde Health Centre,48668, 61.5, 0.0264398, 0.0851284, 0.168868, 0.179888, 0.19337, 0.207669, 0.0889184, 0.0327652, 0.0102919, 0.0111649
511,Zebilla Hospital,24420, 40, 0.0203878, 0.0652399, 0.0937828, 0.101908, 0.106012, 0.142371, 0.141434, 0.121378, 0.105086, 0.108014
512,Binduri Health Centre,68151, 40.1, 0.0133059, 0.0654057, 0.110175, 0.153602, 0.23068, 0.172158, 0.130848, 0.0651068, 0.0413331, 0.0201755
513,Zuarungu Health Centre,30843, 43.6, 0.0331462, 0.162565, 0.185115, 0.208949, 0.118922, 0.0861734, 0.0693058, 0.0618243, 0.0460608, 0.0309813
514,Regional Hospital Bolgatanga,27861, 23.7, 0.0230542, 0.0576354, 0.10361, 0.12522, 0.18253, 0.216007, 0.114149, 0.113049, 0.0499251, 0.0157052
515,Sherigu Health Centre,101265, 40, 0.0126875, 0.0824566, 0.174383, 0.199817, 0.174818, 0.0842201, 0.0769474, 0.0928879, 0.0697517, 0.0346658
516,Sumbrungu Health Centre,24135, 31.4, 0.0399179, 0.13306, 0.186182, 0.179668, 0.169759, 0.136399, 0.0635383, 0.043443, 0.0310299, 0.0186169
517,Anafobisi Health Centre,8769, 14.6, 0, 0.0541711, 0.10834, 0.0541543, 0.162506, 0.0541669, 0.243754, 0.135415, 0.108337, 0.0812528
518,Bongo Hospital,237, 0.1, 1.00215, 0, 0, 0, 0, 0, 0, 0, 0, 0
519,Bongo Soe Health Centre,25943, 41.1, 0.0549211, 0.146443, 0.162058, 0.0864138, 0.072896, 0.0998727, 0.109623, 0.0935152, 0.14072, 0.0357109
520,Dua  Health Centre,474, 4.8, 0.50109, 0, 0, 0, 0, 0, 0, 0, 0, 0.500533
521,Namoo Health Centre,9724, 17, 0.0244206, 0.0729728, 0.121748, 0.141392, 0.161999, 0.198787, 0.117163, 0.116956, 0.0321816, 0.0145776
522,Vea Health Centre,14289, 20.7, 0.0166238, 0.0982578, 0.0498714, 0.239464, 0.197244, 0.206882, 0.110861, 0.0434983, 0.0290214, 0.0104818
523,Zorko Health Centre (New),24578, 36.9, 0.0385159, 0.120145, 0.170248, 0.100692, 0.0969556, 0.097286, 0.120609, 0.110485, 0.0988702, 0.0497786
524,Sandema Hospital,39277, 56.7, 0.0132936, 0.0478576, 0.0558314, 0.075768, 0.0851144, 0.0919057, 0.187496, 0.279697, 0.131726, 0.0362909
525,St. Lucas Hospital,25002, 40, 0.0102998, 0.0332304, 0.0689311, 0.0647571, 0.0835609, 0.116988, 0.154596, 0.202649, 0.185925, 0.0835538
526,Fumbisi Health Centre,32105, 38.3, 0.0113946, 0.0423236, 0.109356, 0.176882, 0.208062, 0.208819, 0.123428, 0.0894955, 0.0292898, 0.0065094
527, Presbyterian Health Centre - Garu,0, 0, 0, 0, 0, 0, 0, 0, 0, 0, 0, 0
528,War Memorial Hospital,31751, 39.5, 0.018869, 0.0566068, 0.103778, 0.164569, 0.167075, 0.144372, 0.164422, 0.124342, 0.0361161, 0.0250676
529,Chiana Health Centre,45457, 58.5, 0.0246826, 0.065072, 0.114119, 0.146412, 0.154769, 0.146216, 0.115559, 0.104817, 0.123439, 0.0127505
530,Paga Hospital,21907, 39.9, 0.0234577, 0.085666, 0.0981648, 0.0868319, 0.158538, 0.135682, 0.112586, 0.159295, 0.0946365, 0.0512075
531,Immaculate Conception Health Centre - Kongo,20808, 39.5, 0.0296295, 0.0778042, 0.129948, 0.135265, 0.15264, 0.125424, 0.129335, 0.0827299, 0.0790025, 0.0638367
532,Pelungu Health Centre,6426, 32.4, 0.0959551, 0.111947, 0.143931, 0.0799616, 0.0799616, 0.111947, 0.127941, 0.143936, 0.0639686, 0.0479752
533,Kulungungu Health Centre,25664, 34.3, 0.0361113, 0.0970053, 0.130203, 0.262711, 0.145972, 0.175187, 0.101718, 0.0267039, 0.00783963, 0.0186545
534,Pusiga Health Centre,31979, 38.8, 0.0369339, 0.121855, 0.131895, 0.157999, 0.208439, 0.124409, 0.0708065, 0.0639243, 0.0307129, 0.0552831
535,Datoku Health Centre,13322, 28.6, 0.0674635, 0.270794, 0.160064, 0.141207, 0.149866, 0.11654, 0.0336837, 0.0175428, 0.0199886, 0.0265202
536,Duusi Health Centre,71126, 38, 0.0245655, 0.0534694, 0.0867136, 0.101173, 0.13298, 0.18499, 0.18025, 0.129839, 0.0777569, 0.0355398
537,Talensi District Hospital,26198, 35.5, 0.039239, 0.102024, 0.207987, 0.190152, 0.158394, 0.126646, 0.0897917, 0.0651181, 0.0213348, 0.00674338
538,Winkongo Health Centre,16301, 17.9, 0.0197081, 0.137859, 0.127059, 0.124385, 0.0623, 0.130855, 0.113877, 0.157986, 0.0763124, 0.0512639
539,Basyonde Health Centre,26197, 34.3, 0.0176915, 0.0884586, 0.182955, 0.139721, 0.147906, 0.184073, 0.122065, 0.049577, 0.043655, 0.0267836
540,Bugri Health Centre,30474, 25.6, 0.0145874, 0.0483176, 0.0589088, 0.107528, 0.126266, 0.157828, 0.184227, 0.178709, 0.103398, 0.0231
541,Kpikpira CHPS,46102, 32.9, 0.0134125, 0.0795839, 0.141478, 0.127346, 0.163187, 0.0992077, 0.105147, 0.1238, 0.110936, 0.0392463
542,Presbyterian Health Centre - Woriyanga,16383, 21.3, 0.0188658, 0.0282986, 0.0848964, 0.0848958, 0.129639, 0.164675, 0.215914, 0.108513, 0.120248, 0.0471638
543,Bussie Health Centre,29979, 26.4, 0.0303126, 0.109567, 0.174438, 0.241429, 0.217993, 0.128165, 0.0743526, 0.0177023, 0.0104034, 0.00452144
544,Daffiama Health Centre,8771, 13.7, 0.0264317, 0.0703018, 0.122923, 0.145376, 0.173078, 0.141918, 0.108474, 0.108667, 0.0749172, 0.0440703
545,Fian Health Centre,8132, 13, 0.0190081, 0.0665281, 0.114049, 0.147312, 0.152069, 0.142568, 0.128317, 0.104564, 0.0950663, 0.0475342
546,Issa Polyclinic,17524, 22, 0.0308725, 0.0904125, 0.154364, 0.172004, 0.14554, 0.141132, 0.114669, 0.0858625, 0.0644273, 0.0175696
547,Kojokperi Health Centre,39934, 63.5, 0.102583, 0.207104, 0.240905, 0.105405, 0.0187463, 0.0368583, 0.104814, 0.10989, 0.0621823, 0.0309757
548,Hain Polyclinic,60629, 29.6, 0.0367186, 0.105741, 0.14721, 0.183596, 0.166142, 0.165803, 0.0934922, 0.0662435, 0.0333177, 0.00799136
549,Jirapa Urban Health Centre,25480, 18.3, 0.0259004, 0.090651, 0.14893, 0.161887, 0.199261, 0.147625, 0.104608, 0.0517807, 0.0518275, 0.0236356
550,St. Joseph's Hospital,1691, 10.2, 0.146356, 0.0975741, 0.0975768, 0.0975796, 0.0487905, 0.146377, 0.0975882, 0.0975702, 0.047811, 0.129425
551,Tizza Health centre,25603, 18.1, 0.0316013, 0.0885886, 0.116924, 0.136197, 0.152125, 0.151187, 0.116315, 0.0886297, 0.0812413, 0.0425544
552,Hamile Health Centre,26448, 30.1, 0.0802426, 0.183303, 0.302565, 0.182856, 0.107802, 0.0627964, 0.0369151, 0.0198796, 0.0144028, 0.0154895
553,Lambussie Polyclinic,41055, 20.6, 0.0350539, 0.101903, 0.122961, 0.165937, 0.146316, 0.126919, 0.10792, 0.0950364, 0.0755388, 0.0243629
554,Babile Polyclinic,20916, 15.3, 0.0115576, 0.0403179, 0.103329, 0.107022, 0.201076, 0.17693, 0.151263, 0.138079, 0.0651258, 0.01174
555,Lawra Hospital,22074, 13.3, 0.0328414, 0.0766292, 0.125812, 0.175146, 0.164113, 0.13136, 0.0984802, 0.0765875, 0.0600415, 0.0655304
556,St. Martin de Porres Clinic - Eremon,16850, 9.5, 0.01434, 0.0573605, 0.100381, 0.10755, 0.17918, 0.164006, 0.147819, 0.0997152, 0.0788543, 0.0573474
557,Ahmadia (Nadowli) Hospital,11192, 13.1, 0.0241858, 0.0554425, 0.0987257, 0.170451, 0.153898, 0.123753, 0.167871, 0.145623, 0.041448, 0.031085
558,Charikpong Health Centre,9864, 15.8, 0.027426, 0.078359, 0.121457, 0.198871, 0.164869, 0.145764, 0.152306, 0.0715962, 0.0352667, 0.0195703
559,Jang Health Centre,14196, 19.4, 0.0326922, 0.0850107, 0.157274, 0.17141, 0.170493, 0.158354, 0.0965186, 0.0672692, 0.0502262, 0.0229296
560,Kaleo Health Centre,0, 0, 0, 0, 0, 0, 0, 0, 0, 0, 0, 0
561,Kaleo Health Centre (Immaculate Conception),38, 0.1, 1.01762, 0, 0, 0, 0, 0, 0, 0, 0, 0
562,Nadowli District Hospital,7790, 10.6, 0.00992203, 0.0644935, 0.0644929, 0.128986, 0.124025, 0.183559, 0.153796, 0.138915, 0.109149, 0.0396928
563,Takpo Health Centre,10863, 18.5, 0.0427114, 0.106779, 0.159792, 0.233891, 0.184777, 0.118996, 0.0782521, 0.0394127, 0.0385829, 0.0107245
564,Piiri Health Centre,26918, 12, 0.0134586, 0.0583203, 0.112153, 0.103181, 0.134586, 0.148046, 0.157015, 0.147259, 0.0919339, 0.0401291
565,St. Theresa's Hospital - Nandom,5760, 9, 0.0419257, 0.146737, 0.230587, 0.104808, 0.0838417, 0.06288, 0.0838374, 0.0838348, 0.125747, 0.0419149
566,Kulfuo Health Centre,27156, 47.5, 0.0397215, 0.11828, 0.198539, 0.216249, 0.178173, 0.085666, 0.0875305, 0.0629651, 0.0345059, 0.0142009
567,Nabulo Health Centre,18323, 38, 0.0348092, 0.109924, 0.180459, 0.202505, 0.171542, 0.139886, 0.105767, 0.0693592, 0.0237023, 0.00845387
568,Tumu Hospital,35047, 57.5, 0.0467969, 0.149743, 0.305656, 0.118083, 0.0767529, 0.0704518, 0.0843732, 0.0789312, 0.0718558, 0.0298891
569,Gwollu Health Centre,12838, 29, 0.0543152, 0.166277, 0.185868, 0.203949, 0.197835, 0.100536, 0.039169, 0.0271157, 0.0225961, 0.0165702
570,Gwollu Hospital,5659, 29.9, 0.0726572, 0.216586, 0.154746, 0.145107, 0.118604, 0.0648747, 0.0531492, 0.0574108, 0.0618421, 0.0672165
571,Jeffisi Health Centre,14098, 25.8, 0.0274526, 0.0754943, 0.1304, 0.179814, 0.179777, 0.146882, 0.118075, 0.0823922, 0.0590546, 0.0192285
572,Funsi Health Centre,44824, 56.2, 0.0490865, 0.136397, 0.226495, 0.163683, 0.116322, 0.0961847, 0.081222, 0.0720167, 0.0616552, 0.0276609
573,Charia Health Centre,69896, 46.9, 0.0554711, 0.15751, 0.156421, 0.110501, 0.102844, 0.123873, 0.123334, 0.094224, 0.0615216, 0.0248499
574,Islamic Hospital,15557, 14.3, 0.0278302, 0.10006, 0.135879, 0.127475, 0.134038, 0.11628, 0.110308, 0.105965, 0.0818996, 0.0650166
575,Upper West Regional Hospital,6912, 12.2, 0.031364, 0.0731838, 0.0836411, 0.0836423, 0.135921, 0.167291, 0.146382, 0.135935, 0.0941114, 0.052286
576,Wa Municipal Hospital,72, 0.1, 1.00365, 0, 0, 0, 0, 0, 0, 0, 0, 0
577,Dorimon Health Centre,17720, 15.9, 0.0253635, 0.0665798, 0.114135, 0.129991, 0.129996, 0.152196, 0.164876, 0.145585, 0.0466842, 0.0280789
578,Gurungu Health Centre,29791, 29.3, 0.0379592, 0.102099, 0.167394, 0.174702, 0.15656, 0.138216, 0.124281, 0.0592637, 0.0294085, 0.0147044
579,Kulkpali Health Centre,9580, 13.7, 0.0351783, 0.0996709, 0.140711, 0.170022, 0.16395, 0.134846, 0.105533, 0.0527644, 0.0469492, 0.0535518
580,Lassia Tuolu Health Centre,15323, 14.1, 0.0220117, 0.0586977, 0.109968, 0.160648, 0.157308, 0.18343, 0.128392, 0.0880306, 0.0733528, 0.0220044
581,Poyentanga Health Centre,41890, 27.6, 0.0361602, 0.110288, 0.164835, 0.191696, 0.153657, 0.108756, 0.0913689, 0.0724882, 0.0537538, 0.0215323
582,Wa West District Hospital,15400, 16.6, 0.0292032, 0.0949101, 0.124114, 0.120464, 0.138718, 0.142373, 0.156966, 0.0949191, 0.0730114, 0.0292114
583,Helekpe Health Centre,47783, 20.7, 0.0287198, 0.0540229, 0.0802234, 0.0995185, 0.127321, 0.15717, 0.156697, 0.163636, 0.102208, 0.0394603
584,Have Health Centre,67069, 17.8, 0.0174759, 0.0524907, 0.110062, 0.179873, 0.177987, 0.181385, 0.150078, 0.10717, 0.015994, 0.00864312
585,Logba Vuinta Health Centre,126661, 25.5, 0.0206796, 0.0689312, 0.137703, 0.199947, 0.229359, 0.139691, 0.0968416, 0.0521704, 0.0261262, 0.0301349
586,Kpetoe Health Centre,38911, 22.4, 0.0203773, 0.0561829, 0.0736009, 0.0629407, 0.0691561, 0.173189, 0.14094, 0.141727, 0.154312, 0.111749
587,Ziope Health Centre,33739, 16, 0.0180157, 0.0483386, 0.0835393, 0.09557, 0.146222, 0.126336, 0.130591, 0.158062, 0.128505, 0.0704447
588,Ave-dakpa Health Centre,34346, 13.1, 0.0307075, 0.0743517, 0.073641, 0.115359, 0.120196, 0.132249, 0.133206, 0.134433, 0.0845349, 0.105359
589,Akatsi District Hospital,187066, 44.6, 0.066857, 0.184122, 0.31054, 0.228765, 0.135272, 0.0548342, 0.0165225, 0.00289105, 0.00328301, 0.000232408
590,Anloga Health Centre,13715, 39, 0.0236108, 0.110991, 0.149761, 0.192402, 0.214027, 0.107646, 0.101325, 0.0582954, 0.0106693, 0.0333919
591,Tegbi Health Centre,3106, 17.3, 0.102549, 0, 0.143696, 0.174383, 0.11295, 0, 0.136796, 0.155687, 0.0900557, 0.0858082
592,Adidome District Hospital,25679, 16.1, 0.021045, 0.0882152, 0.128845, 0.176343, 0.167806, 0.151525, 0.145623, 0.0676702, 0.0321815, 0.0286058
593,Mafi-Kumase Health Centre,15571, 15.4, 0.0290412, 0.051334, 0.0704731, 0.0824437, 0.100221, 0.129712, 0.123819, 0.160498, 0.123393, 0.137249
594,Ho Municipal Hospital,123442, 19.1, 0.0282135, 0.107207, 0.115667, 0.169448, 0.187124, 0.168169, 0.109603, 0.0563888, 0.0366274, 0.0225512
595,Ho Polyclinic,38143, 16, 0.0639155, 0.136962, 0.189164, 0.127521, 0.13185, 0.122195, 0.118843, 0.0832283, 0.0181649, 0.0103801
596,Ho Teaching Hospital,696, 2.5, 0, 0, 0, 0, 0, 0, 0.500414, 0, 0, 0.500423
597,Abutia Agorve Health Centre,22950, 18.1, 0.0215652, 0.051757, 0.0862615, 0.127236, 0.190982, 0.207821, 0.138113, 0.0992174, 0.0539256, 0.0317518
598,Dzologbogame Health Centre,101310, 18.9, 0.0274922, 0.0859128, 0.116842, 0.182137, 0.212659, 0.147502, 0.109097, 0.0778915, 0.0272669, 0.0137468
599,Tsito Health Centre,36411, 14, 0.00652125, 0.0577864, 0.08735, 0.142536, 0.161621, 0.162927, 0.117265, 0.12861, 0.081171, 0.0565561
600,Hohoe Municipal Hospital,196879, 30.4, 0.0443245, 0.12263, 0.168435, 0.187823, 0.173476, 0.140244, 0.0940269, 0.0595647, 0.00860273, 0.00394752
601,Volta Regional Hospital,348, 0.1, 1.00081, 0, 0, 0, 0, 0, 0, 0, 0, 0
602,Keta Municipal Hospital,87708, 41.6, 0.0563504, 0.06709, 0.100584, 0.208027, 0.270093, 0.141904, 0.0415414, 0.053694, 0.0411949, 0.0219766
603,Sacred Heart (keta) Hospital,7918, 7.4, 0.0155438, 0.0506408, 0.0800133, 0.0886091, 0.0998633, 0.172284, 0.150149, 0.123043, 0.129114, 0.0953761
604,St Anthony's (Dzodze) Hospital,230730, 38.2, 0.0632459, 0.138331, 0.189907, 0.165052, 0.224266, 0.0846081, 0.0411214, 0.0350931, 0.0403194, 0.0194743
605,Central Aflao Hospital,168375, 29.4, 0.00369012, 0, 0.0179141, 0.0155166, 0.741278, 0.181664, 0.0168495, 0.0146902, 0.00656478, 0.00205879
606,Ketu South District Hospital,23828, 12.7, 0.0260754, 0, 0, 0, 0.0520797, 0.026075, 0, 0, 0.454823, 0.44107
607,Kpando Health Centre,36034, 11.5, 0.0253019, 0.0316276, 0.0632558, 0.101206, 0.120183, 0.158137, 0.151631, 0.131349, 0.148919, 0.0717635
608,Margret Marquart Catholic Hospital,2043, 3.4, 0.111565, 0, 0, 0.111565, 0.111563, 0.111563, 0.111565, 0.223124, 0.111561, 0.111561
609,St Patrick (kpando) Hospital,13131, 51.5, 0.509901, 0.457083, 0.0334414, 0.00267599, 0.000220125, 0, 0, 0, 0.000209166, 0.000813423
610,Anfoega Catholic Hospital,31703, 48.1, 0.351798, 0.513919, 0.116152, 0.0193215, 0.00192782, 0, 0, 0, 0, 0.000136966
611,Tsrukpe Health Centre,34619, 73.7, 0.469939, 0.228331, 0.010163, 4.06246e-05, 0.000248952, 0.00755538, 0.186454, 0.0822619, 0.0154291, 0.00331694
612,Vakpo Health Centre,15196, 11.6, 0.0450116, 0.120033, 0.150043, 0.153783, 0.131318, 0.119896, 0.0957758, 0.0893534, 0.0383095, 0.0574641
613,Battor Catholic Hospital,51821, 20.7, 0.0179016, 0.0615997, 0.103493, 0.107665, 0.130859, 0.146842, 0.144862, 0.151519, 0.0973137, 0.0453602
614,Juapong Health Centre,21299, 20, 0.0517332, 0.0820682, 0.0991319, 0.120685, 0.150859, 0.129308, 0.107755, 0.103444, 0.103444, 0.0603422
615,Peki Hospital,14318, 10.9, 0.0299949, 0.119968, 0.160562, 0.23269, 0.115942, 0.135577, 0.0793809, 0.0693278, 0.0449849, 0.0149946
616,Richard Novarti Memorial Hospital - Sogakope,30190, 15, 0.0393825, 0.0945866, 0.151161, 0.140287, 0.118707, 0.102008, 0.107519, 0.111373, 0.116121, 0.021366
617,Sogakope District Hospital,28031, 18.2, 0.0624866, 0.0812308, 0.109625, 0.15226, 0.131099, 0.119264, 0.108472, 0.117166, 0.0740807, 0.0460411
618,Agona Health Centre,175262, 47.2, 0.244936, 0.403705, 0.112826, 0.107449, 0.0679797, 0.0338154, 0.0174384, 0.010583, 0.00415115, 0.000443401
619,Apowa Health Centre,9537, 18, 0.0231535, 0.0231532, 0.049346, 0.046307, 0, 0.0542288, 0.179242, 0.308536, 0.0538683, 0.2632
620,Nana Hima Dekyi Hospital,2718, 22.5, 0.0719798, 0, 0.311227, 0.153723, 0.196371, 0.0787867, 0.0695075, 0, 0.0705099, 0.0508976
621,2mrs Military Hospital,174679, 25.1, 0.519842, 0.254305, 0.190651, 0.0206133, 0.00879822, 0.00127391, 0.000660133, 0.00241936, 0, 0.00204635
622,Kwesimintim Hospital,33903, 1.6, 0.111158, 0, 0, 0.111158, 0, 0.444628, 0.111155, 0.11089, 0, 0.11116
623,New Crystal Hospital,36089, 12.6, 0.181788, 0.274199, 0.141852, 0, 0.198162, 0.0474798, 0.0961468, 0, 0, 0.0605375
624,Sycamore Medical Centre,16623, 13.5, 0, 0, 0, 0.204558, 0.0951765, 0.240414, 0.0318281, 0.209343, 0, 0.219007
625,Whindo Health Centre,19064, 7.4, 0.383766, 0, 0.179355, 0.0973823, 0.0520755, 0.072706, 0.0956967, 0.0829371, 0.028604, 0.00773047
626,Aiyinase Health Centre,44650, 41.6, 0.0788876, 0.227757, 0.201507, 0.139324, 0.121668, 0.0972507, 0.0503358, 0.0415421, 0.0332498, 0.0173047
627,Asasetre Health Centre,39314, 42.6, 0.0830112, 0.232466, 0.241752, 0.152226, 0.116118, 0.044913, 0.0473907, 0.0397884, 0.0343088, 0.0173336
628,Esiama Health Centre,1141, 24, 0.0448835, 0.13124, 0.0607149, 0.149863, 0.418782, 0.0752781, 0, 0.0709233, 0, 0.0569909
629,Nana Benie Clinic,40926, 51.7, 0.0364526, 0.115153, 0.189631, 0.168913, 0.17536, 0.0927967, 0.0746517, 0.065087, 0.0537415, 0.0316116
630,St Martin De Porres (Ellembelle) Hospital,637, 13.6, 0.0985296, 0, 0.0743268, 0, 0.113295, 0.358919, 0, 0, 0, 0.363674
631,Elubo Health Centre,52491, 49.2, 0.0740799, 0.151159, 0.152279, 0.193571, 0.140432, 0.109288, 0.0764039, 0.0616168, 0.0271111, 0.0172523
632,Half Assini Government Hospital,22506, 98.6, 0.0255604, 0.395999, 0.111273, 0.0551342, 0.0365204, 0.0324024, 0.177171, 0.0805211, 0.0524873, 0.0372895
633,Tikobo No 1 Health Centre,54574, 34.5, 0.0735172, 0.156518, 0.184378, 0.216051, 0.19543, 0.102692, 0.0341689, 0.0235914, 0.0109416, 0.00624493
634,Manso Community Clinic,25607, 32.9, 0.0673283, 0.201985, 0.383312, 0.151548, 0.0664088, 0.0452421, 0.0301745, 0.0232537, 0.0302936, 0.00696264
635,Axim Government Hospital,14395, 36.6, 0.00458139, 0.016514, 0.0836494, 0.17601, 0.204944, 0.321446, 0.0915728, 0.0330217, 0.0662396, 0.00737476
636,Bamiankor Health Centre,30634, 27.5, 0.0433424, 0.130028, 0.231918, 0.201818, 0.175555, 0.0911196, 0.0541652, 0.0454973, 0.0238308, 0.00866567
637,Aboso Health Centre,34323, 35.9, 0.125368, 0.244673, 0.135252, 0.0613669, 0.0872757, 0.12186, 0.0998025, 0.0793039, 0.0277017, 0.0225078
638,Bogoso Health Centre,39249, 29.3, 0.00583391, 0.110846, 0.244472, 0.221636, 0.11821, 0.0912716, 0.107405, 0.0597425, 0.0290015, 0.018203
639,Himan Health Centre,69323, 40, 0.099109, 0.217893, 0.192235, 0.111042, 0.092788, 0.0968455, 0.0745628, 0.0733954, 0.034817, 0.01383
640,Huni Valley Health Centre,36810, 28.1, 0.0622151, 0.149317, 0.161755, 0.164861, 0.155555, 0.113422, 0.0805938, 0.0591783, 0.036376, 0.021371
641,Huniso CHPS,16026, 11.9, 0.0571692, 0.185242, 0.211158, 0.190077, 0.138501, 0.0816347, 0.0551078, 0.0285815, 0.0357263, 0.0214354
642,Prestea Government Hospital,7350, 16.5, 0.0623215, 0.124645, 0.124647, 0.124651, 0.136681, 0.122132, 0.133169, 0.0887814, 0.0554827, 0.0332282
643,Effia Nkwanta Regional Hospital,15039, 0.8, 0.24836, 0, 0, 0, 0, 0.250581, 0, 0.250585, 0, 0.250588
644,Essikado Hospital,31463, 13.6, 0.119677, 0, 0.11977, 0.119772, 0.205836, 0.0718236, 0.22568, 0, 0.0883631, 0.0492257
645,Holychild  Hospital,405387, 20.1, 0.306756, 0.342921, 0.175385, 0.107251, 0.00143619, 0.00910267, 0.0135563, 0.0268718, 0.000584242, 0.0162521
646,Nagel Memorial  SDA Hospital,7536, 5.6, 0.500085, 0, 0, 0, 0, 0, 0, 0, 0, 0.500092
647,New Takoradi Health Center,3127, 0.1, 1.00031, 0, 0, 0, 0, 0, 0, 0, 0, 0
648,Takoradi Hospital,2446, 0.1, 1.00017, 0, 0, 0, 0, 0, 0, 0, 0, 0
649,Western Naval Command Medical Centre,0, 0, 0, 0, 0, 0, 0, 0, 0, 0, 0, 0
650,Shama Health Centre,128537, 22, 0.110543, 0.466201, 0.24321, 0.0826051, 0.0468385, 0.0167379, 0.0059954, 0.0147826, 0, 0.0135307
651,St Benedict Hospital,3768, 0.1, 1.00005, 0, 0, 0, 0, 0, 0, 0, 0, 0
652,Supomu Dunkwa Health Centre,47736, 9.8, 0.0226777, 0.0939527, 0.153336, 0.196341, 0.163576, 0.160903, 0.105801, 0.0726895, 0.0227231, 0.00923756
653,ABA Hospital,8735, 9.4, 0.141461, 0.269379, 0.318792, 0.108473, 0.0280142, 0.0280142, 0.0280142, 0.0373521, 0.018676, 0.0280144
654,Apinto Government Hospital,891, 5.3, 0, 0.274646, 0, 0.183097, 0, 0.183097, 0, 0.183097, 0.0915491, 0.0915491
655,Benso Health Centre,25712, 27.2, 0.053117, 0.141876, 0.195003, 0.186693, 0.150336, 0.10428, 0.0671894, 0.0479079, 0.038861, 0.0218015
656,Dompim Health Centre,14737, 20.6, 0.0498276, 0.149481, 0.195966, 0.231146, 0.0925255, 0.0733865, 0.0859024, 0.061275, 0.0315259, 0.0360285
657,GMC Hospital,5751, 12.1, 0.0567373, 0.113476, 0.113478, 0.127665, 0.170222, 0.15604, 0.141855, 0.0567422, 0.0567422, 0.0141859
658,Iduapriem Health Centre,8530, 20.8, 0.00956372, 0.0478187, 0.208904, 0.186066, 0.155639, 0.0873726, 0.044184, 0.056829, 0.093423, 0.116701
659,New Atuabo Community Clinic,81, 0.1, 1.00702, 0, 0, 0, 0, 0, 0, 0, 0, 0
660,Nsuaem (Tarkwa Nsuayem) Health Centre,18716, 14.5, 0.0261623, 0.0566849, 0.0828461, 0.14373, 0.205422, 0.188741, 0.133882, 0.122893, 0.0382618, 0.00871949
661,Redeemer Hospital,810, 2.7, 0.100707, 0.201412, 0.201415, 0.100705, 0.100708, 0, 0.100707, 0.100708, 0, 0.100707
662,Simpa Health Centre,8296, 19.3, 0.108192, 0.235235, 0.266542, 0.184207, 0.105188, 0.0338386, 0.0258373, 0.0160011, 0.0160007, 0.0160002
663,Tarkwa Benso Health Centre,2754, 13.6, 0.177718, 0.236961, 0.236961, 0.1481, 0.0296209, 0.0592406, 0.0296209, 0.0592406, 0, 0.0296201
664,Tarkwa Municipal Hospital,81, 0.1, 1.00704, 0, 0, 0, 0, 0, 0, 0, 0, 0
665,Tebrebe Community Clinic,4180, 7.6, 0.0390313, 0.0390313, 0.039031, 0.156125, 0.17564, 0.0926726, 0.174868, 0.117094, 0.0954628, 0.078066
666,Adjakaa Manso Health Centre,27913, 38.2, 0.0695362, 0.183697, 0.298843, 0.167827, 0.0808214, 0.0809077, 0.0392252, 0.039068, 0.031821, 0.0210312
667,Agona (Wassa Amenfi Central) Health Centre,13377, 26.6, 0.0669777, 0.178606, 0.115351, 0.107911, 0.145125, 0.130242, 0.130243, 0.0669822, 0.0334926, 0.0409385
668,Manso Amenfi Health Centre,34274, 29, 0.0290621, 0.0842802, 0.147492, 0.209654, 0.185221, 0.160409, 0.10757, 0.0479481, 0.0334162, 0.010173
669,Afransie Health Centre,17127, 24.4, 0.0373532, 0.110529, 0.212755, 0.295536, 0.142422, 0.0574922, 0.0525353, 0.0407316, 0.0445233, 0.0204627
670,El-shiva Clinic,19068, 20.5, 0.0306614, 0.0832287, 0.176495, 0.236957, 0.221251, 0.115905, 0.0510041, 0.0442826, 0.0340625, 0.0170312
671,Holy Angels Clinic,64, 0.1, 1.01501, 0, 0, 0, 0, 0, 0, 0, 0, 0
672,Mampong (WAE) Health Centre,10571, 23.3, 0.0141239, 0.0753277, 0.145946, 0.19068, 0.123599, 0.141122, 0.143366, 0.0856768, 0.0459531, 0.0456468
673,Oppon Valley Health Centre,37204, 28.6, 0.0196377, 0.0566402, 0.0749337, 0.147206, 0.179174, 0.192389, 0.190485, 0.10693, 0.0231333, 0.0157117
674,Saa Health Centre,28279, 27.3, 0.0275519, 0.10332, 0.163009, 0.151225, 0.171355, 0.166787, 0.102017, 0.0552408, 0.036668, 0.0344465
675,Wassa Akropong Govt Hospital,22457, 27, 0.0578392, 0.159056, 0.228459, 0.190869, 0.109897, 0.0751468, 0.0882709, 0.0650388, 0.0224606, 0.0173514
676,Father Thomas Alan Rooney Memorial Hospital,42054, 41.1, 0.0520929, 0.152865, 0.232792, 0.199869, 0.0921992, 0.0893978, 0.0780342, 0.0549422, 0.0365088, 0.0231224
677,Samartex Hospital,5379, 28.3, 0.0648641, 0.140496, 0.150425, 0.141833, 0.160021, 0.103573, 0.0854366, 0.0571126, 0.0475937, 0.0571118
678,Ahmadiyya Mission Hospital,13561, 34.4, 0.195365, 0.253921, 0.192867, 0.140259, 0.0613602, 0.0306789, 0.0394433, 0.03506, 0.0306767, 0.0262936
679,Akutuase Community Clinic,9841, 19.1, 0.0664321, 0.169101, 0.226321, 0.156349, 0.157089, 0.0694427, 0.0614947, 0.0576273, 0.0251133, 0.0182022
680,Akyempim Health Centre,15065, 30.9, 0.0394362, 0.193233, 0.19718, 0.173526, 0.158959, 0.0789972, 0.0473289, 0.0552183, 0.0512767, 0.0118334
681,Ateiku Health Centre,15321, 21.7, 0.0542808, 0.108562, 0.155086, 0.134127, 0.153943, 0.097651, 0.118739, 0.0858866, 0.0716431, 0.0277167
682,Atobiase Community Clinic,17341, 25.2, 0.0651101, 0.123365, 0.200367, 0.24697, 0.155511, 0.100988, 0.0433229, 0.027416, 0.023989, 0.020562
683,Christina Adcock and Son's Christian Hospital,590, 3.9, 0.100684, 0, 0, 0.100684, 0.201371, 0, 0.201371, 0.201373, 0.100687, 0.100689
684,Daboase Health Centre,1298, 7, 0.0457978, 0.0457978, 0.137392, 0.13739, 0.0457965, 0.137387, 0.0915903, 0.137384, 0.0915884, 0.137381
685,Dompim Community Clinic,16660, 8.8, 0.0207007, 0.12862, 0.163509, 0.25769, 0.155637, 0.207609, 0.0142736, 0.0178421, 0.0178421, 0.0178421
686,Essaman (Sekyere Krobo) CHPS,12567, 30.1, 0.137157, 0.32161, 0.264855, 0.132422, 0.0567507, 0.028375, 0.0189163, 0.0189159, 0.0189157, 0.00945765
687,Nsadweso CHPS,3835, 34.4, 0.0619707, 0.0929582, 0.108453, 0.0774679, 0.123951, 0.0929654, 0.123957, 0.139454, 0.108467, 0.0774765
688,Boinso Health Centre,29507, 28.4, 0.0190903, 0.0642126, 0.116576, 0.10776, 0.155143, 0.184936, 0.121852, 0.114642, 0.0839275, 0.0362316
689,Enchi Government Hospital,69320, 51.6, 0.0361837, 0.118151, 0.197162, 0.208882, 0.173103, 0.11368, 0.0670563, 0.0403428, 0.0331561, 0.0163725
690,Kaase  Health Centre,31964, 59.7, 0.170097, 0.233661, 0.147506, 0.132251, 0.0895068, 0.0845222, 0.082557, 0.045211, 0.0196583, 0.00786364
691,Angela Memorial Catholic Clinic - Yawmatwa,22330, 58.6, 0.269493, 0.282692, 0.179805, 0.141342, 0.0680338, 0.0112566, 0.0112566, 0.0112566, 0.0140708, 0.0225132
692,Essam gov. Hospital,67119, 69.2, 0.0955153, 0.1592, 0.152658, 0.190131, 0.126988, 0.0694532, 0.064782, 0.0639921, 0.073496, 0.0167273
693,Anhwiaso (bibiani Anhwiaso Bekwai) Health Centre,60204, 44.8, 0.0625897, 0.186601, 0.191092, 0.183028, 0.190389, 0.0899117, 0.0426882, 0.0263871, 0.0182294, 0.0128519
694,Bibiani District Hospital,42739, 44.3, 0.0640746, 0.174469, 0.224428, 0.171879, 0.125146, 0.097903, 0.0738879, 0.0387894, 0.0258589, 0.0110818
695,Gbc Awaso Hospital,31062, 24.4, 0.0551932, 0.0883081, 0.16558, 0.13239, 0.164948, 0.153555, 0.0881128, 0.0551956, 0.0551464, 0.0441566
696,Sefwi Bekwai Health Centre,47564, 29.3, 0.0612812, 0.176, 0.200406, 0.180009, 0.114803, 0.0979794, 0.10279, 0.0418152, 0.0219417, 0.00547335
697,Kwasikrom (Bodi) Health Center,29681, 31.6, 0.0382488, 0.162467, 0.245409, 0.235948, 0.116791, 0.0752824, 0.0402433, 0.036991, 0.0439991, 0.0146785
698,Bonsu Nkwanta (Juaboso) Health Centre,54649, 43.8, 0.0590459, 0.168224, 0.182698, 0.176709, 0.171961, 0.148868, 0.0635819, 0.0247578, 0.0134006, 0.00445434
699,Juaboso Government Hospital,36006, 35.5, 0.0574893, 0.162323, 0.245179, 0.235035, 0.118503, 0.0774788, 0.0551237, 0.0294666, 0.0219749, 0.0118324
700,Akontombra Health Center,48098, 34.8, 0.0543538, 0.156933, 0.183015, 0.136165, 0.120173, 0.121336, 0.107489, 0.0771821, 0.036329, 0.0103101
701,St John Of God (sefwi Wiawso) Hospital,64593, 57.8, 0.036245, 0.225838, 0.330536, 0.155839, 0.0751778, 0.0561864, 0.0491654, 0.035777, 0.0267223, 0.0138551
702,Wiawso Govt Hospital,49070, 33.5, 0.0715915, 0.177267, 0.175827, 0.181675, 0.135025, 0.112506, 0.0839971, 0.0400938, 0.0188599, 0.00510197
703,Dadieso District Hospital,13883, 27.6, 0.0773934, 0.225869, 0.224669, 0.133969, 0.0971143, 0.0630041, 0.0715449, 0.0581967, 0.0387562, 0.0142014
